RaceID,RaceName,PartyCode,AreaNum,CandidateID,CandidateName,VoteFor,CandidateVotes,CandidatePercentage,PrecinctsReporting,CandidateAbsenteeVotes,CandidateElectionDayVotes,CandidateEarlyVotes
8364,"County Clerk - Lincoln - Lincoln","REP","",13809,"SHANNAN L HEMPHILL",1,2089,1,29/29,,,,
8360,"County Clerk - Eddy","REP","",13818,"CARA A COOKE",1,3246,1,54/54,,,,
8343,"County Treasurer - Lincoln - Lincoln","REP","",13745,"SHERRIE L HUDDLESTON",1,2082,1,29/29,,,,
8327,"County Commissioner by Commissioner District - Sandoval - Sandoval","DEM","DISTRICT 1",13962,"KATHERINE A BRUCH",1,2786,1,157/157,,,,
8319,"County Commissioner by Commissioner District - Socorro - Socorro","DEM","DISTRICT 1",14206,"JOE R GONZALES",1,246,1,27/27,,,,
8349,"County Commissioner by Commissioner District - Taos - Taos","DEM","DISTRICT 1",14137,"SUSAN K TRUJILLO",1,378,0.400423728813559,47/47,,,,
8349,"County Commissioner by Commissioner District - Taos - Taos","DEM","DISTRICT 1",14120,"F R BOB ROMERO",1,566,0.599576271186441,47/47,,,,
8234,"County Commissioner by Commissioner District - Cibola - Cibola","DEM","DISTRICT 1",14087,"ROBERT J ARMIJO",1,78,0.253246753246753,30/30,,,,
8234,"County Commissioner by Commissioner District - Cibola - Cibola","DEM","DISTRICT 1",14090,"CHRISTINE THERESA LOWERY",1,230,0.746753246753247,30/30,,,,
8240,"County Commissioner by Commissioner District - Colfax - Colfax","DEM","DISTRICT 1",13908,"KERRY D MEDINA",1,273,0.65311004784689,21/21,,,,
8240,"County Commissioner by Commissioner District - Colfax - Colfax","DEM","DISTRICT 1",14217,"PATRICK R BERRY",1,145,0.34688995215311,21/21,,,,
8259,"County Commissioner by Commissioner District - Dona Ana - Dona Ana","DEM","DISTRICT 1",13949,"CHRISTOPHER SCHALJO-HERNANDEZ",1,914,0.397391304347826,190/190,,,,
8259,"County Commissioner by Commissioner District - Dona Ana - Dona Ana","DEM","DISTRICT 1",14297,"EMMA JOHNSON ORTIZ",1,851,0.37,190/190,,,,
8259,"County Commissioner by Commissioner District - Dona Ana - Dona Ana","DEM","DISTRICT 1",14308,"LYNN ELLINS",1,535,0.232608695652174,190/190,,,,
8279,"County Commissioner by Commissioner District - Guadalupe - Guadalupe","DEM","DISTRICT 1",13821,"RICKY ALEX CHAVEZ",1,684,1,5/5,,,,
8303,"County Commissioner by Commissioner District - Luna - Luna","DEM","DISTRICT 1",14241,"RAY J TREJO",1,132,0.505747126436782,18/18,,,,
8303,"County Commissioner by Commissioner District - Luna - Luna","DEM","DISTRICT 1",13742,"DAVID X MCSHERRY",1,129,0.494252873563218,18/18,,,,
8080,"County Commissioner by Commissioner District - Santa Fe - Santa Fe","DEM","DISTRICT 1",14281,"JUSTIN S GREENE",1,1757,0.370675105485232,179/179,,,,
8080,"County Commissioner by Commissioner District - Santa Fe - Santa Fe","DEM","DISTRICT 1",14333,"JON PAUL ROMERO",1,1482,0.312658227848101,179/179,,,,
8080,"County Commissioner by Commissioner District - Santa Fe - Santa Fe","DEM","DISTRICT 1",13802,"ORLANDO ALFONSO ROMERO",1,1501,0.316666666666667,179/179,,,,
8096,"County Commissioner by Commissioner District - San Miguel - San Miguel","DEM","COUNTY COMMISSION DIST 1",14042,"HAROLD MARK GARCIA",1,626,1,34/34,,,,
8161,"County Commissioner by Commissioner District - Bernalillo - Bernalillo","DEM","DISTRICT 1",14303,"ERIN D MUFFOLETTO",1,3191,0.263349013782289,687/687,,,,
8161,"County Commissioner by Commissioner District - Bernalillo - Bernalillo","DEM","DISTRICT 1",14045,"BARBARA CHRISTINE BACA",1,8926,0.736650986217711,687/687,,,,
8168,"County Commissioner by Commissioner District - Curry - Curry","DEM","DISTRICT 1",13791,"FIDEL M MADRID",1,138,1,43/43,,,,
8184,"County Commissioner by Commissioner District - San Juan - San Juan","DEM","DISTRICT 1",13806,"STANLEY WAUNEKA SR",1,316,0.240670220868241,103/103,,,,
8184,"County Commissioner by Commissioner District - San Juan - San Juan","DEM","DISTRICT 1",14148,"GLOJEAN B TODACHEENE",1,818,0.623000761614623,103/103,,,,
8184,"County Commissioner by Commissioner District - San Juan - San Juan","DEM","DISTRICT 1",13834,"ALBERT J PAUL",1,179,0.136329017517136,103/103,,,,
8195,"County Commissioner by Commissioner District - McKinley - McKinley","DEM","DISTRICT 1",14085,"YOUNG J TOM",1,878,0.301407483693786,71/71,,,,
8195,"County Commissioner by Commissioner District - McKinley - McKinley","DEM","DISTRICT 1",14034,"VINCENT MUSKETT",1,765,0.262615859938208,71/71,,,,
8195,"County Commissioner by Commissioner District - McKinley - McKinley","DEM","DISTRICT 1",14229,"ERNEST C BECENTI III",1,1270,0.435976656368005,71/71,,,,
8208,"County Commissioner by Commissioner District - Grant - Grant","DEM","DISTRICT 1",13746,"CHRIS M PONCE",1,616,1,39/39,,,,
8220,"County Commissioner by Commissioner District - Rio Arriba - Rio Arriba","DEM","DISTRICT 1",14115,"JAMES J MARTINEZ",1,1097,0.45462080397845,48/48,,,,
8220,"County Commissioner by Commissioner District - Rio Arriba - Rio Arriba","DEM","DISTRICT 1",14216,"BRANDON M BUSTOS",1,1316,0.54537919602155,48/48,,,,
8161,"County Commissioner by Commissioner District - Bernalillo - Bernalillo","REP","DISTRICT 1",13989,"MICHAELA M CHAVEZ",1,5110,1,687/687,,,,
8046,"County Commissioner by Commissioner District - Chaves - Chaves","REP","DISTRICT 1",14247,"DARA DANA",1,677,1,65/65,,,,
8303,"County Commissioner by Commissioner District - Luna - Luna","REP","DISTRICT 1",14210,"BARBARA REEDY",1,196,1,18/18,,,,
8289,"County Commissioner by Commissioner District - Valencia - Valencia","REP","DISTRICT 1",13756,"GERARD SAIZ",1,994,1,66/66,,,,
8243,"County Commissioner by Commissioner District - Otero - Otero","REP","DISTRICT 1",13917,"JEREMIAH JOSEPH WALTERS",1,470,0.343316289262235,66/66,,,,
8243,"County Commissioner by Commissioner District - Otero - Otero","REP","DISTRICT 1",14097,"GERALD R MATHERLY",1,899,0.656683710737765,66/66,,,,
8240,"County Commissioner by Commissioner District - Colfax - Colfax","REP","DISTRICT 1",13956,"SI S TRUJILLO",1,287,1,21/21,,,,
8234,"County Commissioner by Commissioner District - Cibola - Cibola","REP","DISTRICT 1",14239,"RICHARD S COOP",1,62,1,30/30,,,,
8358,"County Commissioner by Commissioner District - Eddy - Eddy","REP","DISTRICT 1",13940,"ERNEST B CARLSON",1,484,1,54/54,,,,
8310,"County Commissioner by Commissioner District - Torrance - Torrance","REP","DISTRICT 1",14021,"KEVIN NEIL MCCALL",1,404,1,22/22,,,,
8327,"County Commissioner by Commissioner District - Sandoval - Sandoval","REP","DISTRICT 1",14347,"JEANETTE M NOWERS CLARK",1,1892,1,157/157,,,,
8391,"County Commissioner by Commissioner District - De Baca - De Baca","REP","DISTRICT 1",14285,"BECKY S HARRIS",1,250,1,4/4,,,,
8350,"County Commissioner by Commissioner District - Taos - Taos","DEM","DISTRICT 2",14140,"MIGUEL ALFONSO ROMERO JR",1,681,1,47/47,,,,
8241,"County Commissioner by Commissioner District - Colfax - Colfax","DEM","DISTRICT 2",13847,"BOBBY LEDOUX",1,320,1,21/21,,,,
8244,"County Commissioner by Commissioner District - Otero - Otero","DEM","DISTRICT 2",14321,"STEPHANIE L DUBOIS",1,335,0.622676579925651,66/66,,,,
8244,"County Commissioner by Commissioner District - Otero - Otero","DEM","DISTRICT 2",13839,"DAVID HENRY GREENWALD",1,203,0.377323420074349,66/66,,,,
8280,"County Commissioner by Commissioner District - Guadalupe - Guadalupe","DEM","DISTRICT 2",13866,"RANDAL W BROWN",1,348,0.415770609318996,5/5,,,,
8280,"County Commissioner by Commissioner District - Guadalupe - Guadalupe","DEM","DISTRICT 2",14183,"MARTIN R PACHECO",1,205,0.244922341696535,5/5,,,,
8280,"County Commissioner by Commissioner District - Guadalupe - Guadalupe","DEM","DISTRICT 2",14129,"VINCENT R CORDOVA",1,284,0.339307048984468,5/5,,,,
8222,"County Commissioner by Commissioner District - Rio Arriba - Rio Arriba","DEM","DISTRICT 2",14091,"RUBEN J ARCHULETA",1,618,0.495589414595028,48/48,18,386,214,
8222,"County Commissioner by Commissioner District - Rio Arriba - Rio Arriba","DEM","DISTRICT 2",14245,"ALEX M NARANJO",1,629,0.504410585404972,48/48,35,366,228,
8222,"County Commissioner by Commissioner District - Rio Arriba - Rio Arriba","DEM","DISTRICT 2",14091,"RUBEN J ARCHULETA",1,618,0.262308998302207,48/48,,,,
8222,"County Commissioner by Commissioner District - Rio Arriba - Rio Arriba","DEM","DISTRICT 2",14079,"RALPH JOSE MARTINEZ",1,358,0.15195246179966,48/48,,,,
8222,"County Commissioner by Commissioner District - Rio Arriba - Rio Arriba","DEM","DISTRICT 2",14340,"CHRISTINE A BUSTOS",1,464,0.196943972835314,48/48,,,,
8222,"County Commissioner by Commissioner District - Rio Arriba - Rio Arriba","DEM","DISTRICT 2",14245,"ALEX M NARANJO",1,629,0.266977928692699,48/48,,,,
8222,"County Commissioner by Commissioner District - Rio Arriba - Rio Arriba","DEM","DISTRICT 2",13899,"GLORIA T GONZALES",1,287,0.121816638370119,48/48,,,,
8209,"County Commissioner by Commissioner District - Grant - Grant","DEM","DISTRICT 2",13955,"ELOY H MEDINA",1,360,0.524781341107872,39/39,,,,
8209,"County Commissioner by Commissioner District - Grant - Grant","DEM","DISTRICT 2",13774,"JAVIER C SALAS",1,326,0.475218658892128,39/39,,,,
8196,"County Commissioner by Commissioner District - McKinley - McKinley","DEM","DISTRICT 2",14314,"WALT EDDY",1,1130,1,71/71,,,,
8185,"County Commissioner by Commissioner District - San Juan - San Juan","DEM","DISTRICT 2",14291,"ZAC 'ZACHARIAH' J GEORGE",1,731,1,103/103,,,,
8185,"County Commissioner by Commissioner District - San Juan - San Juan","REP","DISTRICT 2",13901,"GARY M MCDANIEL",1,1024,0.722653493295695,103/103,,,,
8185,"County Commissioner by Commissioner District - San Juan - San Juan","REP","DISTRICT 2",14074,"ERVIN CHAVEZ",1,393,0.277346506704305,103/103,,,,
8169,"County Commissioner by Commissioner District - Curry - Curry","REP","DISTRICT 2",13981,"BRADLEY DEAN BENDER",1,687,1,43/43,,,,
8209,"County Commissioner by Commissioner District - Grant - Grant","REP","DISTRICT 2",14315,"ARMANDO D AGUILERA",1,247,1,39/39,,,,
8274,"County Commissioner by Commissioner District - Lea - Lea","REP","DISTRICT 2",13980,"BRADLEY D WEBER",1,641,0.463150289017341,55/55,,,,
8274,"County Commissioner by Commissioner District - Lea - Lea","REP","DISTRICT 2",14033,"GLENN BISWELL",1,290,0.209537572254335,55/55,,,,
8274,"County Commissioner by Commissioner District - Lea - Lea","REP","DISTRICT 2",14118,"GARY M SCHUBERT",1,453,0.327312138728324,55/55,,,,
8304,"County Commissioner by Commissioner District - Luna - Luna","REP","DISTRICT 2",14171,"PREMAL RAMESH PATEL",1,128,0.252465483234714,18/18,,,,
8304,"County Commissioner by Commissioner District - Luna - Luna","REP","DISTRICT 2",14359,"COLETTE M CHANDLER",1,379,0.747534516765286,18/18,,,,
8244,"County Commissioner by Commissioner District - Otero - Otero","REP","DISTRICT 2",14112,"AMY A BARELA",1,802,0.503136762860728,66/66,30,443,329,
8244,"County Commissioner by Commissioner District - Otero - Otero","REP","DISTRICT 2",13823,"GB OLIVER III",1,792,0.496863237139272,66/66,35,431,326,
8244,"County Commissioner by Commissioner District - Otero - Otero","REP","DISTRICT 2",14112,"AMY A BARELA",1,801,0.50345694531741,66/66,,,,
8244,"County Commissioner by Commissioner District - Otero - Otero","REP","DISTRICT 2",13823,"GB OLIVER III",1,790,0.49654305468259,66/66,,,,
8241,"County Commissioner by Commissioner District - Colfax - Colfax","REP","DISTRICT 2",13811,"MARY LOU KERN",1,224,0.583333333333333,21/21,,,,
8241,"County Commissioner by Commissioner District - Colfax - Colfax","REP","DISTRICT 2",14096,"JARED CHRISTOPHER CHATTERLEY",1,160,0.416666666666667,21/21,,,,
8311,"County Commissioner by Commissioner District - Torrance - Torrance","REP","DISTRICT 2",14242,"RYAN S SCHWEBACH",1,408,1,22/22,,,,
8392,"County Commissioner by Commissioner District - De Baca - De Baca","REP","DISTRICT 2",14298,"MARSHALL S STINNETT",1,221,1,4/4,,,,
8387,"County Commissioner by Commissioner District - Lincoln - Lincoln","REP","DISTRICT 2",14135,"SAMANTHA J MENDEZ",1,263,1,29/29,,,,
8304,"County Commissioner by Commissioner District - Luna - Luna","LIB","DISTRICT 2",14031,"REBECCA L LESCOMBES",1,8,1,18/18,,,,
8290,"County Commissioner by Commissioner District - Valencia - Valencia","DEM","DISTRICT 3",14044,"SABRINA MARIE SWEENEY",1,622,1,66/66,,,,
8235,"County Commissioner by Commissioner District - Cibola - Cibola","DEM","DISTRICT 3",14009,"RALPH A LUCERO",1,414,1,30/30,,,,
8260,"County Commissioner by Commissioner District - Dona Ana - Dona Ana","DEM","DISTRICT 3",14225,"SHANNON DALE REYNOLDS",1,1587,1,190/190,,,,
8320,"County Commissioner by Commissioner District - Socorro - Socorro","DEM","DISTRICT 3",13984,"JOHN J AGUILAR",1,320,1,27/27,,,,
8328,"County Commissioner by Commissioner District - Sandoval - Sandoval","DEM","DISTRICT 3",14088,"GREGORY DEFOREST BENNETT",1,1493,1,157/157,,,,
8097,"County Commissioner by Commissioner District - San Miguel - San Miguel","DEM","COUNTY COMMISSION DIST 3",14162,"MAX O TRUJILLO JR",1,650,1,34/34,,,,
8081,"County Commissioner by Commissioner District - Santa Fe - Santa Fe","DEM","DISTRICT 3",14336,"CAMILLA M BUSTAMANTE",1,1396,0.631103074141049,179/179,,,,
8081,"County Commissioner by Commissioner District - Santa Fe - Santa Fe","DEM","DISTRICT 3",13915,"RUDY NELSON GARCIA",1,302,0.136528028933092,179/179,,,,
8081,"County Commissioner by Commissioner District - Santa Fe - Santa Fe","DEM","DISTRICT 3",14075,"CHRIS RIVERA",1,514,0.232368896925859,179/179,,,,
8170,"County Commissioner by Commissioner District - Curry - Curry","REP","DISTRICT 3",14113,"NORMAN L KIA",1,111,0.150610583446404,43/43,,,,
8170,"County Commissioner by Commissioner District - Curry - Curry","REP","DISTRICT 3",13969,"LISA R PELLEGRINO",1,221,0.299864314789688,43/43,,,,
8170,"County Commissioner by Commissioner District - Curry - Curry","REP","DISTRICT 3",14019,"DUSTY W LEATHERWOOD",1,405,0.549525101763908,43/43,,,,
8191,"County Commissioner by Commissioner District - Roosevelt - Roosevelt","REP","DISTRICT 3",13960,"SAWYER KEE MAY",1,139,0.295116772823779,21/21,,,,
8191,"County Commissioner by Commissioner District - Roosevelt - Roosevelt","REP","DISTRICT 3",14345,"BILLY BOB CATHEY",1,146,0.309978768577495,21/21,,,,
8191,"County Commissioner by Commissioner District - Roosevelt - Roosevelt","REP","DISTRICT 3",13860,"ROY L CRISWELL",1,186,0.394904458598726,21/21,,,,
8328,"County Commissioner by Commissioner District - Sandoval - Sandoval","REP","DISTRICT 3",14182,"MICHAEL MEEK",1,1945,1,157/157,,,,
8260,"County Commissioner by Commissioner District - Dona Ana - Dona Ana","REP","DISTRICT 3",13920,"PATRICIA SUSAN KIMBLE",1,1098,1,190/190,,,,
8235,"County Commissioner by Commissioner District - Cibola - Cibola","REP","DISTRICT 3",13880,"MARTIN W HICKS",1,160,1,30/30,,,,
8290,"County Commissioner by Commissioner District - Valencia - Valencia","REP","DISTRICT 3",14071,"MORRIS R SPARKMAN",1,620,0.694288913773796,66/66,,,,
8290,"County Commissioner by Commissioner District - Valencia - Valencia","REP","DISTRICT 3",14360,"PABLITO H HERRERA",1,273,0.305711086226204,66/66,,,,
8275,"County Commissioner by Commissioner District - Lea - Lea","REP","DISTRICT 3",14251,"GARY G EIDSON",1,972,1,55/55,,,,
8359,"County Commissioner by Commissioner District - Eddy - Eddy","REP","DISTRICT 4",13987,"JAMES WILLIAM BOWEN III",1,919,1,54/54,,,,
8367,"County Commissioner by Commissioner District - Lincoln - Lincoln","REP","DISTRICT 4",14256,"LORRI K MCKNIGHT",1,221,0.410018552875696,29/29,,,,
8367,"County Commissioner by Commissioner District - Lincoln - Lincoln","REP","DISTRICT 4",14376,"ANDREW LANCE HALE",1,187,0.346938775510204,29/29,,,,
8367,"County Commissioner by Commissioner District - Lincoln - Lincoln","REP","DISTRICT 4",13852,"DEBRA L INGLE",1,131,0.2430426716141,29/29,,,,
8192,"County Commissioner by Commissioner District - Roosevelt - Roosevelt","REP","DISTRICT 4",14013,"TINA M DIXON",1,251,1,21/21,,,,
8162,"County Commissioner by Commissioner District - Bernalillo - Bernalillo","DEM","DISTRICT 5",14185,"CHARLENE E PYSKOTY",1,4525,0.466879900949236,687/687,,,,
8162,"County Commissioner by Commissioner District - Bernalillo - Bernalillo","DEM","DISTRICT 5",14178,"ERIC OLIVAS",1,5167,0.533120099050764,687/687,,,,
8353,"County Commissioner by Commissioner District - Taos - Taos","DEM","DISTRICT 5",14123,"CRISTOBAL M DURAN",1,525,0.478577939835916,47/47,,,,
8353,"County Commissioner by Commissioner District - Taos - Taos","DEM","DISTRICT 5",14114,"RONALD J MASCARENAS",1,572,0.521422060164084,47/47,,,,
8162,"County Commissioner by Commissioner District - Bernalillo - Bernalillo","REP","DISTRICT 5",13946,"JUDY K YOUNG",1,3836,0.419555944438368,687/687,,,,
8162,"County Commissioner by Commissioner District - Bernalillo - Bernalillo","REP","DISTRICT 5",14369,"WAYNE A YEVOLI",1,3563,0.389697035983813,687/687,,,,
8162,"County Commissioner by Commissioner District - Bernalillo - Bernalillo","REP","DISTRICT 5",14084,"MICHAEL FRED EUSTICE JR",1,1744,0.190747019577819,687/687,,,,
8047,"County Commissioner by Commissioner District - Chaves - Chaves","REP","DISTRICT 5",14238,"MICHAEL JACK PERRY",1,886,1,65/65,,,,
8193,"County Commissioner by Commissioner District - Roosevelt - Roosevelt","REP","DISTRICT 5",14111,"GLYNN E WILHOIT JR",1,215,0.462365591397849,21/21,,,,
8193,"County Commissioner by Commissioner District - Roosevelt - Roosevelt","REP","DISTRICT 5",13993,"PAUL E GRIDER",1,250,0.537634408602151,21/21,,,,
8376,"County Commissioner by Commissioner District - Lincoln - Lincoln","REP","DISTRICT 5",13937,"MARK G FISCHER",1,231,0.595360824742268,29/29,,,,
8376,"County Commissioner by Commissioner District - Lincoln - Lincoln","REP","DISTRICT 5",14365,"ALICE LORRAINE VELASQUEZ",1,157,0.404639175257732,29/29,,,,
8056,"County Commissioner At Large Position 1 - Catron","DEM","",14224,"RAE D TOWNER",1,167,1,9/9,,,,
8062,"County Commissioner At Large Position 1 - Harding","DEM","",13751,"PABLO TRUJILLO",1,67,1,3/3,,,,
8342,"County Commissioner At Large Position 1 - Mora - Mora","DEM","",14081,"ROBERT J SENA",1,486,0.3888,11/11,,,,
8342,"County Commissioner At Large Position 1 - Mora - Mora","DEM","",14404,"VERONICA SERNA",1,764,0.6112,11/11,,,,
8344,"County Commissioner At Large Position 1 - Hidalgo - Hidalgo","DEM","",13747,"ANTHONY J MORA",1,350,1,6/6,,,,
8309,"County Commissioner At Large Position 1 - Los Alamos","DEM","",14067,"MELANEE M HAND",4,1447,0.241649966599866,23/23,,,,
8309,"County Commissioner At Large Position 1 - Los Alamos","DEM","",14202,"SUZIE HAVEMANN",4,1530,0.255511022044088,23/23,,,,
8309,"County Commissioner At Large Position 1 - Los Alamos","DEM","",14207,"THERESA A CULL",4,1540,0.257181028724115,23/23,,,,
8309,"County Commissioner At Large Position 1 - Los Alamos","DEM","",13768,"RANDALL T RYTI",4,1471,0.245657982631931,23/23,,,,
8344,"County Commissioner At Large Position 1 - Hidalgo - Hidalgo","REP","",14181,"JOEL A EDWARDS",1,308,1,6/6,,,,
8342,"County Commissioner At Large Position 1 - Mora - Mora","REP","",14041,"JOSEPH T GRIEGO",1,175,1,11/11,,,,
8365,"County Commissioner At Large Position 1 - Sierra - Sierra","REP","",13822,"JAMES E PAXON JR",1,1400,1,12/12,,,,
8072,"County Commissioner At Large Position 1 - Union","REP","",14004,"LLOYD W MILLER",1,442,1,6/6,,,,
8056,"County Commissioner At Large Position 1 - Catron","REP","",13869,"SHERIDON F BRYANT",1,199,0.22794959908362,9/9,,,,
8056,"County Commissioner At Large Position 1 - Catron","REP","",14197,"RUSSELL D KALBERG",1,313,0.358533791523482,9/9,,,,
8056,"County Commissioner At Large Position 1 - Catron","REP","",13914,"BUSTER FLOYD GREEN",1,361,0.413516609392898,9/9,,,,
8309,"County Commissioner At Large Position 1 - Los Alamos","REP","",14346,"SHARON L DRY",4,863,0.340702724042637,23/23,,,,
8309,"County Commissioner At Large Position 1 - Los Alamos","REP","",14293,"REGINALD THOMAS PAGE JR",4,770,0.303987366758784,23/23,,,,
8309,"County Commissioner At Large Position 1 - Los Alamos","REP","",14344,"GARY LANE STRADLING",4,900,0.355309909198579,23/23,,,,
8309,"County Commissioner At Large Position 1 - Los Alamos","LIB","",14151,"JAMES CURTIS WERNICKE JR",4,33,1,23/23,,,,
8366,"County Commissioner At Large Position 2 - Mora - Mora","DEM","",13991,"GEORGE A TRUJILLO",1,518,0.502424830261882,11/11,78,261,179,
8366,"County Commissioner At Large Position 2 - Mora - Mora","DEM","",13825,"TRINNIE B CORDOVA",1,513,0.497575169738118,11/11,35,340,138,
8366,"County Commissioner At Large Position 2 - Mora - Mora","DEM","",13991,"GEORGE A TRUJILLO",1,518,0.412420382165605,11/11,,,,
8366,"County Commissioner At Large Position 2 - Mora - Mora","DEM","",13910,"LIONOR FRANK MAESTAS",1,225,0.179140127388535,11/11,,,,
8366,"County Commissioner At Large Position 2 - Mora - Mora","DEM","",13825,"TRINNIE B CORDOVA",1,513,0.40843949044586,11/11,,,,
8346,"County Commissioner At Large Position 2 - Hidalgo - Hidalgo","DEM","",14155,"CAESAR G ALVAREZ",1,264,1,6/6,,,,
8063,"County Commissioner At Large Position 2 - Harding","DEM","",13892,"MICHAEL E LEWIS",1,76,1,3/3,,,,
8057,"County Commissioner At Large Position 2 - Catron","REP","",14391,"AUDREY H MCQUEEN",1,460,0.52812858783008,9/9,,,,
8057,"County Commissioner At Large Position 2 - Catron","REP","",14059,"A BRENT LANEY",1,411,0.47187141216992,9/9,,,,
8063,"County Commissioner At Large Position 2 - Harding","REP","",13788,"JAMES EDWARD HERRON",1,178,1,3/3,,,,
8073,"County Commissioner At Large Position 2 - Union","REP","",13792,"CLAYTON F KIESLING",1,503,1,6/6,,,,
8346,"County Commissioner At Large Position 2 - Hidalgo - Hidalgo","REP","",13977,"KIM J KVAMME",1,164,0.414141414141414,6/6,,,,
8346,"County Commissioner At Large Position 2 - Hidalgo - Hidalgo","REP","",13766,"KELLY R PETERSON",1,232,0.585858585858586,6/6,,,,
8370,"County Commissioner At Large Position 2 - Sierra - Sierra","REP","",13881,"TRAVIS L DAY",1,1444,1,12/12,,,,
8345,"County Commissioner At Large Position 3 - Quay","DEM","",13996,"TOMMY WALLACE",1,371,1,12/12,,,,
8345,"County Commissioner At Large Position 3 - Quay","REP","",14331,"BRIAN DALE FORTNER",1,403,0.346219931271478,12/12,,,,
8345,"County Commissioner At Large Position 3 - Quay","REP","",13813,"KENT TERRY",1,280,0.240549828178694,12/12,,,,
8345,"County Commissioner At Large Position 3 - Quay","REP","",14018,"ZACHARY SCOT MURRAY",1,103,0.0884879725085911,12/12,,,,
8345,"County Commissioner At Large Position 3 - Quay","REP","",13748,"JUSTIN G KNAPP",1,203,0.174398625429553,12/12,,,,
8345,"County Commissioner At Large Position 3 - Quay","REP","",13891,"FRANKLIN D GIBSON",1,175,0.150343642611684,12/12,,,,
8330,"County Sheriff - Sandoval","DEM","",14057,"JESSE JAMES CASAUS",1,7651,1,157/157,,,,
8317,"County Sheriff - Socorro","DEM","",13965,"DEMECIO V SILVA",1,1120,1,27/27,,,,
8362,"County Sheriff - Hidalgo - Hidalgo","DEM","",14296,"RODNEY RAY PLOWMAN",1,272,1,6/6,,,,
8337,"County Sheriff - Taos","DEM","",14166,"MICHAEL P TAFOYA",1,2533,0.485807441503644,47/47,,,,
8337,"County Sheriff - Taos","DEM","",14124,"STEVE MIERA JR",1,2681,0.514192558496356,47/47,,,,
8351,"County Sheriff - Sierra - Sierra","DEM","",14367,"MICHAEL K LANFORD",1,630,1,12/12,,,,
8305,"County Sheriff - Luna","DEM","",13810,"KELLY D GANNAWAY",1,748,1,18/18,,,,
8287,"County Sheriff - Valencia","DEM","",14011,"RODNEY JONES",1,3020,1,66/66,,,,
8277,"County Sheriff - Guadalupe","DEM","",13767,"LORENZO J MATA",1,708,1,5/5,,,,
8238,"County Sheriff - Colfax","DEM","",13913,"LEONARD M BACA JR",1,957,1,21/21,,,,
8263,"County Sheriff - Dona Ana","DEM","",13932,"JAMES A FRIETZE",1,3669,0.412664492183107,190/190,,,,
8263,"County Sheriff - Dona Ana","DEM","",13922,"KIM KRISTINE STEWART",1,5222,0.587335507816893,190/190,,,,
8082,"County Sheriff - Santa Fe","DEM","",13902,"DAVID J WEBB",1,8843,0.439338235294118,179/179,,,,
8082,"County Sheriff - Santa Fe","DEM","",14032,"ADAN MENDOZA",1,11285,0.560661764705882,179/179,,,,
8098,"County Sheriff - San Miguel","DEM","",14221,"PAMELA J SANDOVAL",1,1089,0.26599902296043,34/34,,,,
8098,"County Sheriff - San Miguel","DEM","",14211,"CHRISTOPHER L LOPEZ",1,3005,0.73400097703957,34/34,,,,
8159,"County Sheriff - Bernalillo","DEM","",13831,"JOHN D ALLEN",1,18787,0.415219024886178,687/687,,,,
8159,"County Sheriff - Bernalillo","DEM","",14214,"RUDY B MORA",1,12297,0.27178093091102,687/687,,,,
8159,"County Sheriff - Bernalillo","DEM","",14382,"MATTHEW R MCCOY",1,2845,0.0628784864960439,687/687,,,,
8159,"County Sheriff - Bernalillo","DEM","",13790,"LAWRENCE G KOREN",1,2300,0.0508332228263272,687/687,,,,
8159,"County Sheriff - Bernalillo","DEM","",13784,"PHILIP A SNEDEKER",1,3064,0.0677186933651594,687/687,,,,
8159,"County Sheriff - Bernalillo","DEM","",14213,"PATRICIO R RUILOBA",1,4508,0.0996331167396013,687/687,,,,
8159,"County Sheriff - Bernalillo","DEM","",13804,"SHERIDAN J LUND",1,1445,0.0319365247756708,687/687,,,,
8198,"County Sheriff - McKinley","DEM","",13783,"JAMES MAIORANO III",1,2202,0.363366336633663,71/71,,,,
8198,"County Sheriff - McKinley","DEM","",14275,"FRANCIE L MARTINEZ",1,1683,0.277722772277228,71/71,,,,
8198,"County Sheriff - McKinley","DEM","",13863,"MATTHEW K HUGHBANKS",1,1115,0.183993399339934,71/71,,,,
8198,"County Sheriff - McKinley","DEM","",13982,"PAUL R LUCERO",1,1060,0.174917491749175,71/71,,,,
8206,"County Sheriff - Grant","DEM","",13935,"FRANK L GOMEZ",1,1516,0.438530517789991,39/39,,,,
8206,"County Sheriff - Grant","DEM","",14374,"RAUL D VILLANUEVA",1,1941,0.561469482210009,39/39,,,,
8219,"County Sheriff - Los Alamos","DEM","",14352,"JASON WARDLOW-HERRERA",1,1670,1,23/23,,,,
8225,"County Sheriff - Rio Arriba","DEM","",14063,"MARVIN J ARMIJO",1,1054,0.158663254553666,48/48,,,,
8225,"County Sheriff - Rio Arriba","DEM","",13941,"MARVYN V JARAMILLO",1,1098,0.165286768026494,48/48,,,,
8225,"County Sheriff - Rio Arriba","DEM","",14186,"MIGUEL F MAEZ",1,1002,0.150835465903959,48/48,,,,
8225,"County Sheriff - Rio Arriba","DEM","",13964,"BILLY A MERRIFIELD",1,1760,0.264940538913142,48/48,,,,
8225,"County Sheriff - Rio Arriba","DEM","",14319,"RANDY SANCHES",1,469,0.0706006322444679,48/48,,,,
8225,"County Sheriff - Rio Arriba","DEM","",14305,"MANUEL G VALDEZ",1,1260,0.189673340358272,48/48,,,,
8232,"County Sheriff - Cibola","DEM","",13808,"KIMRY WAYNE WARD",1,117,0.0606217616580311,30/30,,,,
8232,"County Sheriff - Cibola","DEM","",14212,"TOMAS H ARCHULETA",1,249,0.129015544041451,30/30,,,,
8232,"County Sheriff - Cibola","DEM","",14194,"LARRY D DIAZ",1,690,0.357512953367876,30/30,,,,
8232,"County Sheriff - Cibola","DEM","",13797,"MAXINE LENORE MONTE",1,626,0.324352331606218,30/30,,,,
8232,"County Sheriff - Cibola","DEM","",14326,"HARRY L HALL",1,90,0.0466321243523316,30/30,,,,
8232,"County Sheriff - Cibola","DEM","",13971,"STEPHEN A CHAVEZ",1,158,0.0818652849740933,30/30,,,,
8377,"County Sheriff - Mora - Mora","DEM","",14279,"LEVI ALCON JR",1,100,0.0769822940723634,11/11,,,,
8377,"County Sheriff - Mora - Mora","DEM","",13953,"RICHARD F FRESQUEZ",1,92,0.0708237105465743,11/11,,,,
8377,"County Sheriff - Mora - Mora","DEM","",14020,"MARIO HENERIE MONTANO",1,92,0.0708237105465743,11/11,,,,
8377,"County Sheriff - Mora - Mora","DEM","",14062,"AMERICK PADILLA",1,676,0.520400307929176,11/11,,,,
8377,"County Sheriff - Mora - Mora","DEM","",13966,"ROY A VIGIL-CORDOVA",1,339,0.260969976905312,11/11,,,,
8377,"County Sheriff - Mora - Mora","REP","",14299,"MANUEL J MARTINEZ",1,167,1,11/11,,,,
8232,"County Sheriff - Cibola","REP","",13741,"WESLEY WAYNE MALLERY",1,794,1,30/30,,,,
8212,"County Sheriff - Otero","REP","",13885,"DAVID BLACK",1,4911,1,66/66,,,,
8198,"County Sheriff - McKinley","REP","",14199,"ELRENO C HENIO",1,1081,1,71/71,,,,
8182,"County Sheriff - San Juan","REP","",13864,"R SHANE FERRARI",1,8258,1,103/103,,,,
8190,"County Sheriff - Roosevelt","REP","",14270,"RYAN DUDE AINSWORTH",1,224,0.110671936758893,21/21,,,,
8190,"County Sheriff - Roosevelt","REP","",13896,"JAVIER SANCHEZ",1,1025,0.506422924901186,21/21,,,,
8190,"County Sheriff - Roosevelt","REP","",13765,"DARRELL W CHENAULT",1,775,0.382905138339921,21/21,,,,
8076,"County Sheriff - Quay","REP","",14157,"HERMAN ISIDRO MARTINEZ",1,187,0.164902998236332,12/12,,,,
8076,"County Sheriff - Quay","REP","",13856,"DENNIS VICTOR GARCIA",1,947,0.835097001763668,12/12,,,,
8159,"County Sheriff - Bernalillo","REP","",14168,"DAVID T BIBB",1,4232,0.13757680179448,687/687,,,,
8159,"County Sheriff - Bernalillo","REP","",13758,"PAUL A PACHECO",1,14843,0.482526575859042,687/687,,,,
8159,"County Sheriff - Bernalillo","REP","",13912,"DERECK ALAN SCOTT",1,7154,0.232567211729138,687/687,,,,
8159,"County Sheriff - Bernalillo","REP","",14107,"JOSHUA JAMES RYAN LAWRENCE",1,4532,0.14732941061734,687/687,,,,
8166,"County Sheriff - Curry","REP","",14192,"MICHAEL D REEVES",1,2840,1,43/43,,,,
8054,"County Sheriff - Catron","REP","",14390,"KENNETH ADRIAN ADAIR Jr",1,430,0.457446808510638,9/9,,,,
8054,"County Sheriff - Catron","REP","",13755,"KEITH SHANNON HUGHES",1,510,0.542553191489362,9/9,,,,
8043,"County Sheriff - Chaves","REP","",13882,"MIKE HERRINGTON",1,5086,1,65/65,,,,
8070,"County Sheriff - Union","REP","",13743,"CURTIS SKAGGS",1,528,0.932862190812721,6/6,,,,
8070,"County Sheriff - Union","REP","",14130,"CHRISTOPHER ERIC VALDEZ",1,38,0.0671378091872792,6/6,,,,
8067,"County Sheriff - Harding","REP","",13995,"PEDRO LORENZO BOLIN",1,164,0.703862660944206,3/3,,,,
8067,"County Sheriff - Harding","REP","",13812,"MICHAEL E SHUMATE",1,69,0.296137339055794,3/3,,,,
8263,"County Sheriff - Dona Ana","REP","",13967,"BYRON N HOLLISTER",1,3498,0.583097182863811,190/190,,,,
8263,"County Sheriff - Dona Ana","REP","",14012,"OMAR CHAVEZ",1,2501,0.416902817136189,190/190,,,,
8271,"County Sheriff - Lea","REP","",13775,"COREY M HELTON",1,4201,1,55/55,,,,
8287,"County Sheriff - Valencia","REP","",13754,"DENISE A VIGIL",1,4321,1,66/66,,,,
8305,"County Sheriff - Luna","REP","",14273,"MIKE EBY",1,969,1,18/18,,,,
8351,"County Sheriff - Sierra - Sierra","REP","",13779,"JOSHUA D BAKER",1,952,0.559341950646298,12/12,,,,
8351,"County Sheriff - Sierra - Sierra","REP","",14007,"RONALD DEE BROWN",1,358,0.210340775558167,12/12,,,,
8351,"County Sheriff - Sierra - Sierra","REP","",14014,"TED S ONTIVEROS",1,392,0.230317273795535,12/12,,,,
8362,"County Sheriff - Hidalgo - Hidalgo","REP","",14259,"MITCHEL L MEYERS",1,182,0.450495049504951,6/6,,,,
8362,"County Sheriff - Hidalgo - Hidalgo","REP","",13807,"WILLIAM EUGENE CHADBORN JR",1,222,0.54950495049505,6/6,,,,
8317,"County Sheriff - Socorro","REP","",13770,"LEE POLO ARMIJO",1,951,0.761409127301842,27/27,,,,
8317,"County Sheriff - Socorro","REP","",14232,"CASEY A SPURGIN",1,298,0.238590872698159,27/27,,,,
8313,"County Sheriff - Torrance","REP","",13753,"DAVID E FRAZEE",1,952,0.550607287449393,22/22,,,,
8313,"County Sheriff - Torrance","REP","",13759,"PETE G GOLDEN",1,244,0.141122035858878,22/22,,,,
8313,"County Sheriff - Torrance","REP","",14051,"JOSE MARTIN RIVERA",1,533,0.308270676691729,22/22,,,,
8330,"County Sheriff - Sandoval","REP","",14184,"PATRICK MICHAEL MOONEY",1,4236,0.476919612699842,157/157,,,,
8330,"County Sheriff - Sandoval","REP","",14026,"DARRELL K ELDER",1,4646,0.523080387300158,157/157,,,,
8159,"County Sheriff - Bernalillo","LIB","",14035,"KAELAN ASHBY DREYER",1,384,1,687/687,,,,
8219,"County Sheriff - Los Alamos","LIB","",14128,"CHRIS LUCHINI",1,34,1,23/23,,,,
8207,"County Assessor - Grant","DEM","",14001,"MISTY A TRUJILLO",1,2931,1,39/39,,,,
8221,"County Assessor - Los Alamos","DEM","",13800,"GEORGE CHANDLER",1,1722,1,23/23,,,,
8183,"County Assessor - San Juan","DEM","",14269,"HENRY C SILENTMAN",1,3232,1,103/103,,,,
8197,"County Assessor - McKinley","DEM","",14330,"GENEVIEVE JACKSON",1,1113,0.181034482758621,71/71,,,,
8197,"County Assessor - McKinley","DEM","",13945,"EDWARD BECENTI JR",1,1504,0.244632400780742,71/71,,,,
8197,"County Assessor - McKinley","DEM","",14046,"HARRIETT K BECENTI",1,1253,0.20380611581002,71/71,,,,
8197,"County Assessor - McKinley","DEM","",14154,"ANTHONY N BEGAY",1,319,0.0518867924528302,71/71,,,,
8197,"County Assessor - McKinley","DEM","",14070,"DANIELLE NOTAH",1,1198,0.194860117111256,71/71,,,,
8197,"County Assessor - McKinley","DEM","",14323,"PAULINDA L YAZZIE",1,761,0.123780091086532,71/71,,,,
8160,"County Assessor - Bernalillo","DEM","",13947,"STEPHEN A SAIS",1,17610,0.3984793971896,687/687,,,,
8160,"County Assessor - Bernalillo","DEM","",13924,"DAMIAN LARA",1,26583,0.6015206028104,687/687,,,,
8099,"County Assessor - San Miguel","DEM","",14208,"DESIREE DAWN TRUJILLO",1,1247,0.318599897802759,34/34,,,,
8099,"County Assessor - San Miguel","DEM","",13976,"CONNIE M GALLEGOS",1,2667,0.681400102197241,34/34,,,,
8326,"County Assessor - Sandoval","DEM","",14072,"LINDA P GALLEGOS",1,7751,1,157/157,,,,
8262,"County Assessor - Dona Ana","DEM","",14138,"DANIEL RAMON SAMBRANO",1,2441,0.287785899551992,190/190,,,,
8262,"County Assessor - Dona Ana","DEM","",14339,"EUGENIA (GINA) MONTOYA ORTEGA",1,3442,0.405800518745579,190/190,,,,
8262,"County Assessor - Dona Ana","DEM","",14354,"RUBEN REYES",1,2599,0.306413581702429,190/190,,,,
8371,"County Assessor - Santa Fe - Santa Fe","DEM","",13884,"ISAIAH F ROMERO",1,16997,1,179/179,,,,
8338,"County Assessor - Taos","DEM","",14134,"MARIA DIMAS",1,2841,0.552938886726353,47/47,,,,
8338,"County Assessor - Taos","DEM","",14061,"RANDY L BACA",1,2297,0.447061113273647,47/47,,,,
8306,"County Assessor - Luna","DEM","",13750,"MICHELLE MARTINEZ-HOLGUIN",1,806,1,18/18,,,,
8288,"County Assessor - Valencia","DEM","",13787,"BEVERLY DOMINGUEZ ROMERO",1,3126,1,66/66,,,,
8278,"County Assessor - Guadalupe","DEM","",13911,"ANGELA M GOMEZ",1,665,1,5/5,,,,
8239,"County Assessor - Colfax","DEM","",13829,"KRISTI E GRAHAM",1,580,0.504786771105309,21/21,51,463,66,
8239,"County Assessor - Colfax","DEM","",14378,"SUZANNE MARIE VALDEZ",1,569,0.495213228894691,21/21,50,436,83,
8239,"County Assessor - Colfax","DEM","",13829,"KRISTI E GRAHAM",1,580,0.504786771105309,21/21,,,,
8239,"County Assessor - Colfax","DEM","",14378,"SUZANNE MARIE VALDEZ",1,569,0.495213228894691,21/21,,,,
8224,"County Assessor - Rio Arriba","DEM","",14133,"JOAQUIN VALDEZ",1,3179,0.507746366395145,48/48,,,,
8224,"County Assessor - Rio Arriba","DEM","",14267,"JOSIE VERONICA VALDEZ",1,3082,0.492253633604855,48/48,,,,
8231,"County Assessor - Cibola","DEM","",13850,"DOLORES P VALLEJOS",1,1483,1,30/30,,,,
8385,"County Assessor - Mora - Mora","DEM","",14292,"ANDY ALCON",1,155,0.130581297388374,11/11,,,,
8385,"County Assessor - Mora - Mora","DEM","",14110,"ROSALEE J TRUJILLO",1,1032,0.869418702611626,11/11,,,,
8341,"County Assessor - Hidalgo - Hidalgo","DEM","",13740,"MARTIN L NEAVE",1,328,1,6/6,,,,
8361,"County Assessor - Eddy","REP","",13929,"RHONDA E HATCH",1,3299,1,54/54,,,,
8389,"County Assessor - De Baca","REP","",14255,"KURSTIN JERRAE WEBB",1,69,0.236301369863014,4/4,,,,
8389,"County Assessor - De Baca","REP","",14244,"BRANDI L FOSTER",1,223,0.763698630136986,4/4,,,,
8189,"County Assessor - Roosevelt","REP","",13817,"STEVIN L FLOYD",1,1564,1,21/21,,,,
8272,"County Assessor - Lea","REP","",13905,"AVA BENGE",1,3847,1,55/55,,,,
8288,"County Assessor - Valencia","REP","",13835,"CELIA DAWN DITTMAIER",1,4099,1,66/66,,,,
8375,"County Assessor - Sierra - Sierra","REP","",13934,"MICHAEL D HUSTON",1,1371,1,12/12,,,,
8314,"County Assessor - Torrance","REP","",13795,"JESUS M LUCERO",1,1268,1,22/22,,,,
8318,"County Assessor - Socorro","REP","",13796,"JULIE M GRIEGO",1,1039,1,27/27,,,,
8326,"County Assessor - Sandoval","REP","",14066,"RICHARD SHANKS",1,4187,0.475417281707733,157/157,,,,
8326,"County Assessor - Sandoval","REP","",14125,"LAWRENCE D GRIEGO",1,4620,0.524582718292268,157/157,,,,
8099,"County Assessor - San Miguel","REP","",13978,"PAUL LEE ESPINOZA JR",1,595,1,34/34,,,,
8068,"County Assessor - Harding","REP","",13936,"PHILLIP J TRUJILLO",1,202,1,3/3,,,,
8071,"County Assessor - Union","REP","",13816,"HOLLIE S SANDOVAL",1,464,1,6/6,,,,
8055,"County Assessor - Catron","REP","",13828,"LILLIE M LANEY",1,742,1,9/9,,,,
8044,"County Assessor - Chaves","REP","",14243,"SANDRA P STEWART",1,4444,1,65/65,,,,
8077,"County Assessor - Quay","REP","",13786,"JANIE L HOFFMAN",1,935,1,12/12,,,,
8167,"County Assessor - Curry","REP","",13841,"RANDA K JESKO",1,2737,1,43/43,,,,
8183,"County Assessor - San Juan","REP","",14058,"JIMMY VOITA",1,7488,1,103/103,,,,
8213,"County Assessor - Otero","REP","",13777,"EILEEN L DORTON",1,2224,0.435992942560282,66/66,,,,
8213,"County Assessor - Otero","REP","",13968,"JAMES M BOWMAN",1,2877,0.564007057439718,66/66,,,,
8221,"County Assessor - Los Alamos","LIB","",14357,"LAURA BURROWS",1,31,1,23/23,,,,
8226,"Probate Judge - Rio Arriba","DEM","",13749,"ELIAS CORIZ",1,4518,1,48/48,,,,
8233,"Probate Judge - Cibola","DEM","",13889,"GRACE MARIE MARTINEZ-GARCIA",1,1464,1,30/30,,,,
8223,"Probate Judge - Los Alamos","DEM","",14158,"MICHAEL D REDONDO",1,1732,1,23/23,,,,
8199,"Probate Judge - McKinley","DEM","",14095,"MONICA MARTINEZ",1,4860,1,71/71,,,,
8210,"Probate Judge - Grant","DEM","",14334,"MARY ANN C SEDILLO",1,2930,1,39/39,,,,
8163,"Probate Judge - Bernalillo","DEM","",13819,"CRISTY JO CARBÓN-GAUL",1,39602,1,687/687,,,,
8074,"Probate Judge - Union","DEM","",14078,"ALI R ALSUP",1,221,1,6/6,,,,
8100,"Probate Judge - San Miguel","DEM","",14174,"DWIGHT J TORRES SR",1,2290,0.602314571278275,34/34,,,,
8100,"Probate Judge - San Miguel","DEM","",14328,"LAWRENCE J VIGIL",1,1512,0.397685428721725,34/34,,,,
8083,"Probate Judge - Santa Fe","DEM","",14381,"CORDILIA M MONTOYA",1,15926,1,179/179,,,,
8329,"Probate Judge - Sandoval","DEM","",13951,"CHARLES R AGUILAR",1,3781,0.472270796902323,157/157,,,,
8329,"Probate Judge - Sandoval","DEM","",13780,"EDWARD WAYNE LOVATO",1,4225,0.527729203097677,157/157,,,,
8321,"Probate Judge - Socorro","DEM","",14170,"DAWN E WEAVER",1,578,0.381770145310436,27/27,,,,
8321,"Probate Judge - Socorro","DEM","",13867,"GILBERT GEORGE PERALTA",1,936,0.618229854689564,27/27,,,,
8339,"Probate Judge - Taos","DEM","",14068,"CHARLENE TSOODLE-MARCUS",1,1023,0.1998046875,47/47,,,,
8339,"Probate Judge - Taos","DEM","",14143,"JUAN ANDRES VARGAS",1,1284,0.25078125,47/47,,,,
8339,"Probate Judge - Taos","DEM","",14163,"SUZANNE VALERIO",1,2813,0.5494140625,47/47,,,,
8352,"Probate Judge - Hidalgo - Hidalgo","DEM","",14301,"DAVID TARANGO",1,335,1,6/6,,,,
8307,"Probate Judge - Luna","DEM","",13857,"DIANA M MAY-DIAZ",1,773,1,18/18,,,,
8281,"Probate Judge - Guadalupe","DEM","",13873,"MARCOS SALAS",1,633,1,5/5,,,,
8291,"Probate Judge - Valencia","DEM","",14372,"SHARALAINA PIRO-RAEL",1,1429,0.42580452920143,66/66,,,,
8291,"Probate Judge - Valencia","DEM","",14375,"HELEN SAIZ",1,1927,0.57419547079857,66/66,,,,
8261,"Probate Judge - Dona Ana","DEM","",13888,"NORMA L TORRES ROBERTS",1,3214,0.422894736842105,190/190,,,,
8261,"Probate Judge - Dona Ana","DEM","",14332,"JUDITH ANN BACA",1,4386,0.577105263157895,190/190,,,,
8395,"Probate Judge - Mora - Mora","DEM","",14338,"JOANNE E PADILLA-SALAS",1,949,1,11/11,,,,
8394,"Probate Judge - De Baca","REP","",14342,"LINDA G SENA",1,239,1,4/4,,,,
8382,"Probate Judge - Sierra - Sierra","REP","",14047,"THOMAS G PESTAK",1,1388,1,12/12,,,,
8273,"Probate Judge - Lea","REP","",13824,"LADONNA K HARDIN",1,3802,1,55/55,,,,
8242,"Probate Judge - Colfax","REP","",13865,"ROYAL A QUINT",1,895,1,21/21,,,,
8291,"Probate Judge - Valencia","REP","",13832,"WENDY EMILY WALLACE",1,1801,0.505472916081953,66/66,108,1046,647,
8291,"Probate Judge - Valencia","REP","",14361,"JENNIFER L JARAMILLO",1,1762,0.494527083918047,66/66,68,1156,538,
8291,"Probate Judge - Valencia","REP","",13832,"WENDY EMILY WALLACE",1,1801,0.384172354948805,66/66,,,,
8291,"Probate Judge - Valencia","REP","",14361,"JENNIFER L JARAMILLO",1,1762,0.375853242320819,66/66,,,,
8291,"Probate Judge - Valencia","REP","",14056,"CYNTHIA A RUNYON",1,1125,0.239974402730375,66/66,,,,
8352,"Probate Judge - Hidalgo - Hidalgo","REP","",13952,"RICK A UPSHAW",1,122,0.312020460358056,6/6,,,,
8352,"Probate Judge - Hidalgo - Hidalgo","REP","",13782,"ROBERT D BARRERA",1,46,0.117647058823529,6/6,,,,
8352,"Probate Judge - Hidalgo - Hidalgo","REP","",14288,"CHANTEL L CUEVAS",1,50,0.127877237851662,6/6,,,,
8352,"Probate Judge - Hidalgo - Hidalgo","REP","",14353,"DUSTI ROSE CONOVER",1,173,0.442455242966752,6/6,,,,
8363,"Probate Judge - Eddy","REP","",14104,"JAY L FRANCIS",1,3429,1,54/54,,,,
8315,"Probate Judge - Torrance","REP","",14190,"JOSIE B CHAVEZ",1,1287,1,22/22,,,,
8045,"Probate Judge - Chaves","REP","",13858,"CLARKE C COLL",1,4776,1,65/65,,,,
8061,"Probate Judge - Harding","REP","",13972,"LORI BATLEY LAMB",1,202,1,3/3,,,,
8079,"Probate Judge - Quay","REP","",14069,"CHRISTINA M WILSON",1,885,1,12/12,,,,
8171,"Probate Judge - Curry","REP","",14235,"MICHAEL R WELLS",1,1538,0.476160990712074,43/43,,,,
8171,"Probate Judge - Curry","REP","",13773,"HOLLIE L BARNETT",1,1692,0.523839009287926,43/43,,,,
8186,"Probate Judge - San Juan","REP","",13752,"GARY RISLEY",1,7627,1,103/103,,,,
8214,"Probate Judge - Otero","REP","",13900,"LATANYA M BOYCE",1,4441,1,66/66,,,,
