"County","County Name","Office Name","Office District","Candidate Name","Party","Winner","Congressional District 1","Congressional District 2","Congressional District 3","Congressional District 4","Congressional District 5","Congressional District 6","Congressional District 7","Congressional District 8" 
"00","State of Maryland","President - Vice Pres","","Joe Biden","DEM","Y","43492","74052","73017","74402","89620","51592","87304","98044" 
"00","State of Maryland","President - Vice Pres","","Dean Phillips","DEM","","918","1264","1239","583","980","843","1299","1062" 
"00","State of Maryland","President - Vice Pres","","Marianne Williamson","DEM","","1384","2068","1812","984","1566","1521","2122","1478" 
"00","State of Maryland","President - Vice Pres","","Uncommitted to any Presidential Candidate","DEM","","5457","9889","8411","5079","6447","6512","13928","10445" 
"00","State of Maryland","President - Vice Pres","01","Joe Biden","DEM","Y","43492","","","","","","","" 
"00","State of Maryland","President - Vice Pres","01","Dean Phillips","DEM","","918","","","","","","","" 
"00","State of Maryland","President - Vice Pres","01","Marianne Williamson","DEM","","1384","","","","","","","" 
"00","State of Maryland","President - Vice Pres","01","Uncommitted to any Presidential Candidate","DEM","","5457","","","","","","","" 
"00","State of Maryland","President - Vice Pres","02","Joe Biden","DEM","Y","","74052","","","","","","" 
"00","State of Maryland","President - Vice Pres","02","Dean Phillips","DEM","","","1264","","","","","","" 
"00","State of Maryland","President - Vice Pres","02","Marianne Williamson","DEM","","","2068","","","","","","" 
"00","State of Maryland","President - Vice Pres","02","Uncommitted to any Presidential Candidate","DEM","","","9889","","","","","","" 
"00","State of Maryland","President - Vice Pres","03","Joe Biden","DEM","Y","","","73017","","","","","" 
"00","State of Maryland","President - Vice Pres","03","Dean Phillips","DEM","","","","1239","","","","","" 
"00","State of Maryland","President - Vice Pres","03","Marianne Williamson","DEM","","","","1812","","","","","" 
"00","State of Maryland","President - Vice Pres","03","Uncommitted to any Presidential Candidate","DEM","","","","8411","","","","","" 
"00","State of Maryland","President - Vice Pres","04","Joe Biden","DEM","Y","","","","74402","","","","" 
"00","State of Maryland","President - Vice Pres","04","Dean Phillips","DEM","","","","","583","","","","" 
"00","State of Maryland","President - Vice Pres","04","Marianne Williamson","DEM","","","","","984","","","","" 
"00","State of Maryland","President - Vice Pres","04","Uncommitted to any Presidential Candidate","DEM","","","","","5079","","","","" 
"00","State of Maryland","President - Vice Pres","05","Joe Biden","DEM","Y","","","","","89620","","","" 
"00","State of Maryland","President - Vice Pres","05","Dean Phillips","DEM","","","","","","980","","","" 
"00","State of Maryland","President - Vice Pres","05","Marianne Williamson","DEM","","","","","","1566","","","" 
"00","State of Maryland","President - Vice Pres","05","Uncommitted to any Presidential Candidate","DEM","","","","","","6447","","","" 
"00","State of Maryland","President - Vice Pres","06","Joe Biden","DEM","Y","","","","","","51592","","" 
"00","State of Maryland","President - Vice Pres","06","Dean Phillips","DEM","","","","","","","843","","" 
"00","State of Maryland","President - Vice Pres","06","Marianne Williamson","DEM","","","","","","","1521","","" 
"00","State of Maryland","President - Vice Pres","06","Uncommitted to any Presidential Candidate","DEM","","","","","","","6512","","" 
"00","State of Maryland","President - Vice Pres","07","Joe Biden","DEM","Y","","","","","","","87304","" 
"00","State of Maryland","President - Vice Pres","07","Dean Phillips","DEM","","","","","","","","1299","" 
"00","State of Maryland","President - Vice Pres","07","Marianne Williamson","DEM","","","","","","","","2122","" 
"00","State of Maryland","President - Vice Pres","07","Uncommitted to any Presidential Candidate","DEM","","","","","","","","13928","" 
"00","State of Maryland","President - Vice Pres","08","Joe Biden","DEM","Y","","","","","","","","98044" 
"00","State of Maryland","President - Vice Pres","08","Dean Phillips","DEM","","","","","","","","","1062" 
"00","State of Maryland","President - Vice Pres","08","Marianne Williamson","DEM","","","","","","","","","1478" 
"00","State of Maryland","President - Vice Pres","08","Uncommitted to any Presidential Candidate","DEM","","","","","","","","","10445" 
"00","State of Maryland","U.S. Senator","","Angela Alsobrooks","DEM","Y","19221","41789","42476","56938","61417","16879","60760","57572" 
"00","State of Maryland","U.S. Senator","","Michael W. Cobb, Sr.","DEM","","704","722","684","331","515","320","881","367" 
"00","State of Maryland","U.S. Senator","","Marcellus Crews","DEM","","424","435","572","318","519","265","579","267" 
"00","State of Maryland","U.S. Senator","","Brian E. Frydenborg","DEM","","399","546","659","206","361","417","517","530" 
"00","State of Maryland","U.S. Senator","","Scottie J. Griffin","DEM","","592","583","551","186","408","305","636","318" 
"00","State of Maryland","U.S. Senator","","Robert K. Houton","DEM","","256","290","341","117","216","179","293","254" 
"00","State of Maryland","U.S. Senator","","Joseph Perez","DEM","","549","640","722","378","448","472","850","629" 
"00","State of Maryland","U.S. Senator","","Steven Henry Seuferer","DEM","","182","233","219","161","314","110","298","147" 
"00","State of Maryland","U.S. Senator","","David J. Trone","DEM","","27332","40062","36423","21910","33270","40619","37393","49372" 
"00","State of Maryland","U.S. Senator","","Andrew Jaye Wildman","DEM","","297","415","287","159","258","179","391","212" 
"00","State of Maryland","U.S. Congress","01","Blane H. Miller, III","DEM","Y","26845","","","","","","","" 
"00","State of Maryland","U.S. Congress","01","Blessing T. Oluwadare","DEM","","17289","","","","","","","" 
"00","State of Maryland","U.S. Congress","02","Harry Bhandari","DEM","","","7150","","","","","","" 
"00","State of Maryland","U.S. Congress","02","Sia Kyriakakos","DEM","","","4080","","","","","","" 
"00","State of Maryland","U.S. Congress","02","John ""Johnny O"" Olszewski, Jr.","DEM","Y","","65995","","","","","","" 
"00","State of Maryland","U.S. Congress","02","Sharron Reed-Burns","DEM","","","3472","","","","","","" 
"00","State of Maryland","U.S. Congress","02","Jessica Sjoberg","DEM","","","1692","","","","","","" 
"00","State of Maryland","U.S. Congress","02","Clint Spellman, Jr.","DEM","","","1466","","","","","","" 
"00","State of Maryland","U.S. Congress","03","Mark S. Chang","DEM","","","","4106","","","","","" 
"00","State of Maryland","U.S. Congress","03","Michael Coburn","DEM","","","","583","","","","","" 
"00","State of Maryland","U.S. Congress","03","Malcolm Thomas Colombo","DEM","","","","527","","","","","" 
"00","State of Maryland","U.S. Congress","03","Abigail Diehl","DEM","","","","1379","","","","","" 
"00","State of Maryland","U.S. Congress","03","Juan Dominguez","DEM","","","","1025","","","","","" 
"00","State of Maryland","U.S. Congress","03","Lindsay Donahue","DEM","","","","1213","","","","","" 
"00","State of Maryland","U.S. Congress","03","Harry Anthony Dunn","DEM","","","","20380","","","","","" 
"00","State of Maryland","U.S. Congress","03","Sarah Elfreth","DEM","Y","","","29459","","","","","" 
"00","State of Maryland","U.S. Congress","03","Mark Steven Gosnell","DEM","","","","221","","","","","" 
"00","State of Maryland","U.S. Congress","03","Terri Hill","DEM","","","","5318","","","","","" 
"00","State of Maryland","U.S. Congress","03","Aisha Khan","DEM","","","","2199","","","","","" 
"00","State of Maryland","U.S. Congress","03","Clarence Lam","DEM","","","","9548","","","","","" 
"00","State of Maryland","U.S. Congress","03","Matt Libber","DEM","","","","159","","","","","" 
"00","State of Maryland","U.S. Congress","03","Kristin Anne Lyman Nabors","DEM","","","","397","","","","","" 
"00","State of Maryland","U.S. Congress","03","John H. Morse, III","DEM","","","","1447","","","","","" 
"00","State of Maryland","U.S. Congress","03","Jake Pretot","DEM","","","","162","","","","","" 
"00","State of Maryland","U.S. Congress","03","Don Quinn","DEM","","","","408","","","","","" 
"00","State of Maryland","U.S. Congress","03","Mike Rogers","DEM","","","","2147","","","","","" 
"00","State of Maryland","U.S. Congress","03","Danny Craig Rupli","DEM","","","","34","","","","","" 
"00","State of Maryland","U.S. Congress","03","Gary Schuman","DEM","","","","286","","","","","" 
"00","State of Maryland","U.S. Congress","03","Stewart Fred Silver","DEM","","","","78","","","","","" 
"00","State of Maryland","U.S. Congress","03","Jeff Woodard","DEM","","","","352","","","","","" 
"00","State of Maryland","U.S. Congress","04","Joseph Gomes","DEM","","","","","3673","","","","" 
"00","State of Maryland","U.S. Congress","04","Glenn F. Ivey","DEM","Y","","","","66659","","","","" 
"00","State of Maryland","U.S. Congress","04","Emmett Johnson","DEM","","","","","3835","","","","" 
"00","State of Maryland","U.S. Congress","04","Gabriel Njinimbot","DEM","","","","","4366","","","","" 
"00","State of Maryland","U.S. Congress","05","Quincy Bareebe","DEM","","","","","","9970","","","" 
"00","State of Maryland","U.S. Congress","05","Andrea L. Crooms","DEM","","","","","","6955","","","" 
"00","State of Maryland","U.S. Congress","05","Steny Hoyer","DEM","Y","","","","","69723","","","" 
"00","State of Maryland","U.S. Congress","05","McKayla Wilkes","DEM","","","","","","9743","","","" 
"00","State of Maryland","U.S. Congress","06","Peter Choharis","DEM","","","","","","","818","","" 
"00","State of Maryland","U.S. Congress","06","George Gluck","DEM","","","","","","","437","","" 
"00","State of Maryland","U.S. Congress","06","Geoffrey Grammer","DEM","","","","","","","651","","" 
"00","State of Maryland","U.S. Congress","06","Ashwani Jain","DEM","","","","","","","4750","","" 
"00","State of Maryland","U.S. Congress","06","Lesley J. Lopez","DEM","","","","","","","2600","","" 
"00","State of Maryland","U.S. Congress","06","Tekesha A. Martinez","DEM","","","","","","","3992","","" 
"00","State of Maryland","U.S. Congress","06","April McClain Delaney","DEM","Y","","","","","","22985","","" 
"00","State of Maryland","U.S. Congress","06","Stephen R. McDow, II","DEM","","","","","","","246","","" 
"00","State of Maryland","U.S. Congress","06","Mohammad S. Mozumder","DEM","","","","","","","1005","","" 
"00","State of Maryland","U.S. Congress","06","Adrian Petrus","DEM","","","","","","","166","","" 
"00","State of Maryland","U.S. Congress","06","Joel Rubin","DEM","","","","","","","820","","" 
"00","State of Maryland","U.S. Congress","06","Laurie-Anne Sayles","DEM","","","","","","","1845","","" 
"00","State of Maryland","U.S. Congress","06","Joe Vogel","DEM","","","","","","","14940","","" 
"00","State of Maryland","U.S. Congress","06","Destiny Drake West","DEM","","","","","","","1086","","" 
"00","State of Maryland","U.S. Congress","06","Kiambo ""Bo"" White","DEM","","","","","","","401","","" 
"00","State of Maryland","U.S. Congress","06","Altimont Mark Wilks","DEM","","","","","","","179","","" 
"00","State of Maryland","U.S. Congress","07","Tashi Kimandus Davis","DEM","","","","","","","","11640","" 
"00","State of Maryland","U.S. Congress","07","Kweisi Mfume","DEM","Y","","","","","","","88727","" 
"00","State of Maryland","U.S. Congress","08","Eric Felber","DEM","","","","","","","","","5636" 
"00","State of Maryland","U.S. Congress","08","Jamie Raskin","DEM","Y","","","","","","","","103071" 
"03","Baltimore City","Mayor","","""Uncle Wayne"" Baker","DEM","","","22","","","","","188","" 
"03","Baltimore City","Mayor","","Wendy Bozel","DEM","","","35","","","","","303","" 
"03","Baltimore City","Mayor","","Texas Brown","DEM","","","3","","","","","57","" 
"03","Baltimore City","Mayor","","Sheila Dixon","DEM","","","1600","","","","","34347","" 
"03","Baltimore City","Mayor","","Kevin P. Harris","DEM","","","20","","","","","228","" 
"03","Baltimore City","Mayor","","Wendell Hill-Freeman","DEM","","","7","","","","","91","" 
"03","Baltimore City","Mayor","","Yolanda Pulley","DEM","","","8","","","","","230","" 
"03","Baltimore City","Mayor","","Brandon M. Scott","DEM","Y","","5980","","","","","42826","" 
"03","Baltimore City","Mayor","","Joseph E. Scott","DEM","","","14","","","","","101","" 
"03","Baltimore City","Mayor","","Keith B. Scott","DEM","","","6","","","","","102","" 
"03","Baltimore City","Mayor","","Thiru Vignarajah","DEM","","","360","","","","","3019","" 
"03","Baltimore City","Mayor","","Bob Wallace","DEM","","","218","","","","","2605","" 
"03","Baltimore City","Mayor","","Yasaun Young","DEM","","","5","","","","","87","" 
"03","Baltimore City","President City Council","","Zeke Cohen","DEM","Y","","5877","","","","","40355","" 
"03","Baltimore City","President City Council","","Nick Mosby","DEM","","","611","","","","","20505","" 
"03","Baltimore City","President City Council","","Shannon Sneed","DEM","","","1576","","","","","21875","" 
"03","Baltimore City","Comptroller","","Bill Henry","DEM","Y","","6620","","","","","67511","" 
"03","Baltimore City","Member City Council","001","Liam Davis","DEM","","","","","","","","1888","" 
"03","Baltimore City","Member City Council","001","Joseph Raymond Koehler","DEM","","","","","","","","619","" 
"03","Baltimore City","Member City Council","001","Mark Parker","DEM","Y","","","","","","","2780","" 
"03","Baltimore City","Member City Council","002","India Carter","DEM","","","","","","","","1110","" 
"03","Baltimore City","Member City Council","002","Danielle McCray","DEM","Y","","","","","","","4337","" 
"03","Baltimore City","Member City Council","003","Margo Bruner-Settles","DEM","","","","","","","","2089","" 
"03","Baltimore City","Member City Council","003","Marques Dent","DEM","","","","","","","","775","" 
"03","Baltimore City","Member City Council","003","Ryan Dorsey","DEM","Y","","","","","","","5296","" 
"03","Baltimore City","Member City Council","004","Mark Conway","DEM","Y","","1240","","","","","5744","" 
"03","Baltimore City","Member City Council","005","Marvin M. Briscoe","DEM","","","458","","","","","1490","" 
"03","Baltimore City","Member City Council","005","Isaac ""Yitzy"" Schleifer","DEM","Y","","1341","","","","","4888","" 
"03","Baltimore City","Member City Council","006","Robyn A. Christian","DEM","","","180","","","","","664","" 
"03","Baltimore City","Member City Council","006","Sharon Green Middleton","DEM","Y","","1193","","","","","2967","" 
"03","Baltimore City","Member City Council","006","Steven T. Johnson","DEM","","","459","","","","","1251","" 
"03","Baltimore City","Member City Council","007","Tori Rose","DEM","","","224","","","","","2311","" 
"03","Baltimore City","Member City Council","007","James Torrence","DEM","Y","","521","","","","","3260","" 
"03","Baltimore City","Member City Council","008","Bilal Ali","DEM","","","","","","","","2431","" 
"03","Baltimore City","Member City Council","008","Christian B. Allen","DEM","","","","","","","","525","" 
"03","Baltimore City","Member City Council","008","Jeffery David Allen","DEM","","","","","","","","356","" 
"03","Baltimore City","Member City Council","008","Paris Gray","DEM","Y","","","","","","","2669","" 
"03","Baltimore City","Member City Council","008","Joyous D. Jones","DEM","","","","","","","","465","" 
"03","Baltimore City","Member City Council","009","John T. Bullock","DEM","Y","","","","","","","2188","" 
"03","Baltimore City","Member City Council","009","Sonia G. Eaddy","DEM","","","","","","","","957","" 
"03","Baltimore City","Member City Council","009","Matthew K. Johnson","DEM","","","","","","","","226","" 
"03","Baltimore City","Member City Council","009","Venroy July","DEM","","","","","","","","670","" 
"03","Baltimore City","Member City Council","010","Richard Parker","DEM","","","","","","","","552","" 
"03","Baltimore City","Member City Council","010","Phylicia Porter","DEM","Y","","","","","","","2161","" 
"03","Baltimore City","Member City Council","011","Zac Blanchard","DEM","Y","","","","","","","3467","" 
"03","Baltimore City","Member City Council","011","Eric Costello","DEM","","","","","","","","3419","" 
"03","Baltimore City","Member City Council","012","Jermaine Jones","DEM","Y","","","","","","","2678","" 
"03","Baltimore City","Member City Council","012","Robert Stokes, Sr.","DEM","","","","","","","","2309","" 
"03","Baltimore City","Member City Council","013","Walker Gladden, 3rd","DEM","","","","","","","","862","" 
"03","Baltimore City","Member City Council","013","Antonio ""Tony"" Glover","DEM","Y","","","","","","","3856","" 
"03","Baltimore City","Member City Council","014","Odette Ramos","DEM","Y","","1633","","","","","6240","" 
"08","Cecil County","County Executive","","William Bill Kilby","DEM","Y","3676","","","","","","","" 
"08","Cecil County","County Council","001","Michelle Ravert","DEM","Y","3440","","","","","","","" 
"08","Cecil County","County Council","005","Russ Melrath","DEM","Y","3465","","","","","","","" 
"08","Cecil County","Judge Circuit Court","Cecil County Circuit Court 02","Cameron A. Brown","DEM","Y","3463","","","","","","","" 
"04","Baltimore County","Judge Circuit Court","Baltimore County Circuit Court 03","Michael S. Barranco","DEM","Y","3332","43416","","","","","12542","" 
"04","Baltimore County","Judge Circuit Court","Baltimore County Circuit Court 03","Robert N. Daniels","DEM","","1603","22299","","","","","7837","" 
"04","Baltimore County","Judge Circuit Court","Baltimore County Circuit Court 03","Patricia DeMaio","DEM","Y","3835","51791","","","","","15732","" 
"04","Baltimore County","Judge Circuit Court","Baltimore County Circuit Court 03","Marc A. DeSimone, Jr.","DEM","Y","3112","41081","","","","","12066","" 
"04","Baltimore County","Judge Circuit Court","Baltimore County Circuit Court 03","James Rhodes","DEM","Y","3133","42011","","","","","12776","" 
"13","Harford County","Judge Circuit Court","Harford County Circuit Court 03","Alex M. Allman","DEM","Y","13586","","","","","","","" 
"12","Garrett County","Judge Circuit Court","Garrett County Circuit Court 04","Justin N. Gregory","DEM","Y","","","","","","1021","","" 
"22","Washington County","Judge Circuit Court","Washington County Circuit Court 04","Kirk C. Downey","DEM","Y","","","","","","6373","","" 
"02","Anne Arundel County","Judge Circuit Court","Anne Arundel County Circuit Court 05","Christina Bayne","DEM","","","","10812","","4552","","","" 
"02","Anne Arundel County","Judge Circuit Court","Anne Arundel County Circuit Court 05","Thomas F. Casey","DEM","","","","5900","","2568","","","" 
"02","Anne Arundel County","Judge Circuit Court","Anne Arundel County Circuit Court 05","Christine Marie Celeste","DEM","Y","","","20729","","8387","","","" 
"02","Anne Arundel County","Judge Circuit Court","Anne Arundel County Circuit Court 05","Ginina A. Jackson-Stevenson","DEM","Y","","","18104","","7716","","","" 
"02","Anne Arundel County","Judge Circuit Court","Anne Arundel County Circuit Court 05","John Robinson","DEM","","","","3889","","1390","","","" 
"14","Howard County","Judge Circuit Court","Howard County Circuit Court 05","Lara Weathersbee","DEM","Y","","","34523","","","","","" 
"11","Frederick County","Judge Circuit Court","Frederick County Circuit Court 06","Joanmarie Raymond Brubaker","DEM","Y","","","","","","18463","","" 
"16","Montgomery County","Judge Circuit Court","Montgomery County Circuit Court 06","Marybeth Ayres","DEM","Y","","","","2282","","14000","","75512" 
"16","Montgomery County","Judge Circuit Court","Montgomery County Circuit Court 06","Jennifer S. Fairfax","DEM","Y","","","","2276","","14046","","75879" 
"16","Montgomery County","Judge Circuit Court","Montgomery County Circuit Court 06","Louis M. Leibowitz","DEM","Y","","","","1902","","12074","","70314" 
"16","Montgomery County","Judge Circuit Court","Montgomery County Circuit Court 06","J. Bradford McCullough","DEM","Y","","","","1785","","11172","","63026" 
"16","Montgomery County","Judge Circuit Court","Montgomery County Circuit Court 06","Marylin Pierre","DEM","","","","","1804","","9313","","37418" 
"17","Prince George's County","Judge Circuit Court","Prince George's County Circuit Court 07","Darren Sebastian Johnson","DEM","Y","","","","52007","33718","","","2" 
"17","Prince George's County","Judge Circuit Court","Prince George's County Circuit Court 07","Stenise LaNez Rolle","DEM","Y","","","","41846","28765","","","0" 
"17","Prince George's County","Judge Circuit Court","Prince George's County Circuit Court 07","Michael Sheehan","DEM","","","","","27114","15602","","","2" 
"17","Prince George's County","Judge Circuit Court","Prince George's County Circuit Court 07","Cheri Nicole Simpkins","DEM","Y","","","","56100","36786","","","2" 
"17","Prince George's County","Judge Circuit Court","Prince George's County Circuit Court 07","Donnell Wilfred Turner","DEM","Y","","","","47309","31611","","","2" 
"19","Saint Mary's County","Judge Circuit Court","Saint Mary's County Circuit Court 07","Sue Ann Armitage","DEM","","","","","","3210","","","" 
"19","Saint Mary's County","Judge Circuit Court","Saint Mary's County Circuit Court 07","Amy Lorenzini","DEM","Y","","","","","3847","","","" 
"03","Baltimore City","Judge Circuit Court","Baltimore City Circuit Court 08","Nicole K. Barmore","DEM","Y","","4486","","","","","49626","" 
"03","Baltimore City","Judge Circuit Court","Baltimore City Circuit Court 08","Yvette Michelle Bryant","DEM","Y","","4520","","","","","51140","" 
"03","Baltimore City","Judge Circuit Court","Baltimore City Circuit Court 08","Paul J. Cucuzzella","DEM","Y","","4239","","","","","41414","" 
"03","Baltimore City","Judge Circuit Court","Baltimore City Circuit Court 08","Troy K. Hill","DEM","Y","","4231","","","","","45405","" 
"03","Baltimore City","Judge Circuit Court","Baltimore City Circuit Court 08","Alan Carl Lazerow","DEM","Y","","4244","","","","","41228","" 
"03","Baltimore City","Judge Circuit Court","Baltimore City Circuit Court 08","La Zette C. Ringgold-Kirksey","DEM","Y","","4292","","","","","43473","" 
"03","Baltimore City","Judge Circuit Court","Baltimore City Circuit Court 08","Martin H. Schreiber, II","DEM","Y","","4250","","","","","42243","" 
"00","State of Maryland","Democratic Delegates","01","Laurie Anne Brittingham (Biden)","DEM","Y","40990","","","","","","","" 
"00","State of Maryland","Democratic Delegates","01","Matthew Cody (Biden)","DEM","Y","35586","","","","","","","" 
"00","State of Maryland","Democratic Delegates","01","Mike Comeau (Uncommitted)","DEM","","8020","","","","","","","" 
"00","State of Maryland","Democratic Delegates","01","Michele W. Dappert (Biden)","DEM","Y","38767","","","","","","","" 
"00","State of Maryland","Democratic Delegates","01","Mohammad Idrees Munir (Uncommitted)","DEM","","6146","","","","","","","" 
"00","State of Maryland","Democratic Delegates","01","Connor A. Romblad (Biden)","DEM","Y","33049","","","","","","","" 
"00","State of Maryland","Democratic Delegates","01","Sheree Sample-Hughes (Biden)","DEM","Y","39161","","","","","","","" 
"00","State of Maryland","Democratic Delegates","01","Jared Schablein (Biden)","DEM","Y","32086","","","","","","","" 
"00","State of Maryland","Democratic Delegates","01","Qudrat U. Tariq (Uncommitted)","DEM","","4895","","","","","","","" 
"00","State of Maryland","Democratic Delegates","02","Ruben Amaya (Biden)","DEM","Y","","59040","","","","","","" 
"00","State of Maryland","Democratic Delegates","02","Lela Blue-Campbell (Biden)","DEM","Y","","65293","","","","","","" 
"00","State of Maryland","Democratic Delegates","02","Robert C. Brooking (Williamson)","DEM","","","14872","","","","","","" 
"00","State of Maryland","Democratic Delegates","02","Corynne B. Courpas (Biden)","DEM","Y","","63167","","","","","","" 
"00","State of Maryland","Democratic Delegates","02","Alex Friedman (Biden)","DEM","Y","","58794","","","","","","" 
"00","State of Maryland","Democratic Delegates","02","Shelly L. Hettleman (Biden)","DEM","Y","","68212","","","","","","" 
"00","State of Maryland","Democratic Delegates","02","Sharonda L. Huffman (Biden)","DEM","Y","","63324","","","","","","" 
"00","State of Maryland","Democratic Delegates","02","Louis Gregory Pecoraro (Biden)","DEM","Y","","53514","","","","","","" 
"00","State of Maryland","Democratic Delegates","03","Dylan Behler (Biden)","DEM","Y","","","53103","","","","","" 
"00","State of Maryland","Democratic Delegates","03","Jennifer Chang (Biden)","DEM","Y","","","64075","","","","","" 
"00","State of Maryland","Democratic Delegates","03","Freddie Donald Dickson, Jr. (Phillips)","DEM","","","","14092","","","","","" 
"00","State of Maryland","Democratic Delegates","03","Guy Guzzone (Biden)","DEM","Y","","","55330","","","","","" 
"00","State of Maryland","Democratic Delegates","03","Dana Jones (Biden)","DEM","Y","","","63039","","","","","" 
"00","State of Maryland","Democratic Delegates","03","Jennifer Laszlo Mizrahi (Biden)","DEM","Y","","","59781","","","","","" 
"00","State of Maryland","Democratic Delegates","03","Henry G. Snurr (Biden)","DEM","Y","","","47478","","","","","" 
"00","State of Maryland","Democratic Delegates","03","Matthew Verghese (Biden)","DEM","Y","","","50821","","","","","" 
"00","State of Maryland","Democratic Delegates","03","Lucinda-Marie Ware (Biden)","DEM","Y","","","59711","","","","","" 
"00","State of Maryland","Democratic Delegates","04","Rush Baker (Biden)","DEM","Y","","","","60705","","","","" 
"00","State of Maryland","Democratic Delegates","04","Mollie K. Byron (Biden)","DEM","Y","","","","58129","","","","" 
"00","State of Maryland","Democratic Delegates","04","Scott Cronin, Jr. (Biden)","DEM","Y","","","","51456","","","","" 
"00","State of Maryland","Democratic Delegates","04","Kevin Ford, Jr. (Biden)","DEM","Y","","","","55002","","","","" 
"00","State of Maryland","Democratic Delegates","04","Ryan Middleton (Biden)","DEM","Y","","","","51978","","","","" 
"00","State of Maryland","Democratic Delegates","04","Dani Elise Moore-King (Biden)","DEM","Y","","","","58265","","","","" 
"00","State of Maryland","Democratic Delegates","04","Joseline A. Peña-Melnyk (Biden)","DEM","Y","","","","55924","","","","" 
"00","State of Maryland","Democratic Delegates","04","Alonzo T. Washington (Biden)","DEM","Y","","","","57052","","","","" 
"00","State of Maryland","Democratic Delegates","04","Arleathia West (Biden)","DEM","Y","","","","58078","","","","" 
"00","State of Maryland","Democratic Delegates","05","Shukoor Ahmed (Uncommitted)","DEM","","","","","","15687","","","" 
"00","State of Maryland","Democratic Delegates","05","Adrian Boafo (Biden)","DEM","Y","","","","","67265","","","" 
"00","State of Maryland","Democratic Delegates","05","Tiffany A. Carlock (Biden)","DEM","Y","","","","","76609","","","" 
"00","State of Maryland","Democratic Delegates","05","Courtney Finklea Green (Biden)","DEM","Y","","","","","73976","","","" 
"00","State of Maryland","Democratic Delegates","05","Zina Humphries (Biden)","DEM","Y","","","","","73030","","","" 
"00","State of Maryland","Democratic Delegates","05","Edward I. Lewis (Biden)","DEM","Y","","","","","69426","","","" 
"00","State of Maryland","Democratic Delegates","05","Andrew C. Pruski (Biden)","DEM","Y","","","","","61850","","","" 
"00","State of Maryland","Democratic Delegates","05","David M. Salazar (Biden)","DEM","Y","","","","","64446","","","" 
"00","State of Maryland","Democratic Delegates","05","Ashley N. Sharp (Biden)","DEM","Y","","","","","75280","","","" 
"00","State of Maryland","Democratic Delegates","05","Cindy L. Yoe (Biden)","DEM","Y","","","","","68308","","","" 
"00","State of Maryland","Democratic Delegates","06","Ata W. Ahmad (Uncommitted)","DEM","","","","","","","5492","","" 
"00","State of Maryland","Democratic Delegates","06","Haroon Akhtar (Uncommitted)","DEM","","","","","","","5377","","" 
"00","State of Maryland","Democratic Delegates","06","Ovais H. Bajwa (Uncommitted)","DEM","","","","","","","5082","","" 
"00","State of Maryland","Democratic Delegates","06","Donna S. Edwards (Biden)","DEM","Y","","","","","","46445","","" 
"00","State of Maryland","Democratic Delegates","06","Jessica Fitzwater (Biden)","DEM","Y","","","","","","46693","","" 
"00","State of Maryland","Democratic Delegates","06","Brian K. Grim (Biden)","DEM","Y","","","","","","41077","","" 
"00","State of Maryland","Democratic Delegates","06","Djawa Hall (Biden)","DEM","Y","","","","","","37130","","" 
"00","State of Maryland","Democratic Delegates","06","Karen Lewis Young (Biden)","DEM","Y","","","","","","45004","","" 
"00","State of Maryland","Democratic Delegates","06","Syeda N. Mehmooda (Uncommitted)","DEM","","","","","","","8030","","" 
"00","State of Maryland","Democratic Delegates","06","Samreen Nizami (Uncommitted)","DEM","","","","","","","7278","","" 
"00","State of Maryland","Democratic Delegates","06","Akhtar Ahmad Sheikh (Uncommitted)","DEM","","","","","","","4446","","" 
"00","State of Maryland","Democratic Delegates","06","Thomas G. Slater (Biden)","DEM","Y","","","","","","38777","","" 
"00","State of Maryland","Democratic Delegates","07","Belinda K. Conaway (Uncommitted)","DEM","","","","","","","","40944","" 
"00","State of Maryland","Democratic Delegates","07","Tisha S. Edwards (Biden)","DEM","Y","","","","","","","67913","" 
"00","State of Maryland","Democratic Delegates","07","Diana Emerson (Biden)","DEM","Y","","","","","","","62684","" 
"00","State of Maryland","Democratic Delegates","07","Antonio L. Hayes (Biden)","DEM","Y","","","","","","","62734","" 
"00","State of Maryland","Democratic Delegates","07","Bill Henry (Biden)","DEM","Y","","","","","","","61696","" 
"00","State of Maryland","Democratic Delegates","07","Brandon M. Scott (Biden)","DEM","Y","","","","","","","66416","" 
"00","State of Maryland","Democratic Delegates","07","Stephanie Smith (Biden)","DEM","Y","","","","","","","63674","" 
"00","State of Maryland","Democratic Delegates","07","Tammy Stinnett (Biden)","DEM","Y","","","","","","","58476","" 
"00","State of Maryland","Democratic Delegates","07","John T. Willis (Biden)","DEM","Y","","","","","","","49867","" 
"00","State of Maryland","Democratic Delegates","08","Saman Q. Ahmad (Biden)","DEM","Y","","","","","","","","75018" 
"00","State of Maryland","Democratic Delegates","08","Mark Feinroth (Biden)","DEM","Y","","","","","","","","71447" 
"00","State of Maryland","Democratic Delegates","08","Will Jawando (Biden)","DEM","Y","","","","","","","","79755" 
"00","State of Maryland","Democratic Delegates","08","Eric Luedtke (Biden)","DEM","Y","","","","","","","","72422" 
"00","State of Maryland","Democratic Delegates","08","Lily Qi (Biden)","DEM","Y","","","","","","","","80880" 
"00","State of Maryland","Democratic Delegates","08","Devang M. Shah (Biden)","DEM","Y","","","","","","","","68315" 
"00","State of Maryland","Democratic Delegates","08","Liza Smith (Uncommitted)","DEM","","","","","","","","","26164" 
"00","State of Maryland","Democratic Delegates","08","Jeff Waldstreicher (Biden)","DEM","Y","","","","","","","","71283" 
"00","State of Maryland","Democratic Delegates","08","Jheanelle K. Wilkins (Biden)","DEM","Y","","","","","","","","78235" 
"00","State of Maryland","Democratic Delegates","08","Teresa Saavedra Woorman (Biden)","DEM","Y","","","","","","","","75805" 
"00","State of Maryland","Democratic Delegates","08","Julie Rodin Zebrak (Biden)","DEM","Y","","","","","","","","76004" 
