City/Town,,,"Seth W. Moulton","All Others",Blanks,"Total Votes Cast"
,,,
Amesbury,,,"1,362",0,87,"1,449"
Andover,,,"2,997",16,168,"3,181"
Bedford,,,"1,561",12,85,"1,658"
Beverly,,,"4,005",11,352,"4,368"
Billerica,,,"1,293",11,91,"1,395"
Boxford,,,569,8,33,610
Burlington,,,"2,077",14,145,"2,236"
Danvers,,,"2,317",7,211,"2,535"
Essex,,,255,2,17,274
Georgetown,,,642,5,33,680
Gloucester,,,"2,665",28,162,"2,855"
Groveland,,,559,0,23,582
Hamilton,,,734,0,24,758
Ipswich,,,"1,542",1,85,"1,628"
Lynn,,,"4,893",69,737,"5,699"
Lynnfield,,,867,6,66,939
Manchester-by-the-Sea,,,512,0,23,535
Marblehead,,,"2,140",8,160,"2,308"
Merrimac,,,604,3,23,630
Middleton,,,649,3,52,704
Nahant,,,579,7,85,671
Newbury,,,752,3,40,795
Newburyport,,,"1,765",14,117,"1,896"
"N. Andover",,,"2,325",13,122,"2,460"
"N. Reading",,,"1,179",1,44,"1,224"
Peabody,,,"4,419",43,376,"4,838"
Reading,,,"2,565",0,126,"2,691"
Rockport,,,"1,207",7,83,"1,297"
Rowley,,,471,3,25,499
Salem,,,"3,932",29,408,"4,369"
Salisbury,,,594,4,32,630
Saugus,,,"1,667",0,200,"1,867"
Swampscott,,,"1,796",11,175,"1,982"
Tewksbury,,,"2,205",29,178,"2,412"
Topsfield,,,506,0,33,539
Wakefield,,,"2,279",19,113,"2,411"
Wenham,,,332,0,24,356
"W. Newbury",,,464,3,21,488
Wilmington,,,"1,706",4,119,"1,829"
TOTALS,,,"62,986",394,"4,898","68,278"
