,,Matt Castelli,Matt Putori,Scattering,Blank,Void,Total Votes
,,Democratic,Democratic,,,,
Congressional District,21,19319,4528,52,152,82,24133
County,Clinton,2503,461,3,2,5,2974
County,Essex,1511,355,1,6,0,1873
County,Franklin,1157,170,6,2,2,1337
County,Fulton,744,170,0,5,0,919
County,Hamilton,165,26,0,0,3,194
County,Herkimer,686,127,9,0,9,831
County,Jefferson,233,52,0,0,0,285
County,Lewis,298,60,0,1,3,362
County,Montgomery,923,296,6,18,0,1243
County,Otsego,1248,125,5,23,3,1404
County,Rensselaer ,3361,802,0,17,52,4232
County,Schoharie,1048,323,17,67,4,1459
County,St. Lawrence,2184,479,3,10,0,2676
County,Warren,2012,495,1,1,1,2510
County,Washington,1246,587,1,0,0,1834
