Calculated by The Downballot,,,Subscribe to our newsletter,,,,,,,Follow @the-downballot.com on Bluesky,,,,,
District,Incumbent,Party,2024,,,,,,,2020,,,,,
,,,Harris,Trump,Total,Harris %,Trump %,Margin,,Biden,Trump,Total,Biden %,Trump %,Margin
AK-AL,Nick Begich,(R),"140,026","184,458","338,177",41.41%,54.54%,-13.14%,,"153,778","189,951","357,569",43.01%,53.12%,-10.12%
AL-01,Barry Moore,(R),"73,003","257,060","332,700",21.94%,77.26%,-55.32%,,"79,112","243,258","325,715",24.29%,74.68%,-50.40%
AL-02,Shomari Figures,(D),"155,603","131,721","290,033",53.65%,45.42%,8.23%,,"174,051","135,333","312,225",55.75%,43.34%,12.40%
AL-03,Mike Rogers,(R),"82,654","229,676","314,869",26.25%,72.94%,-46.69%,,"93,357","225,360","322,031",28.99%,69.98%,-40.99%
AL-04,Robert Aderholt,(R),"53,098","267,953","323,449",16.42%,82.84%,-66.43%,,"60,121","262,473","325,713",18.46%,80.58%,-62.13%
AL-05,Dale Strong,(R),"122,344","224,704","351,650",34.79%,63.90%,-29.11%,,"122,867","216,418","344,866",35.63%,62.75%,-27.13%
AL-06,Gary Palmer,(R),"105,388","239,984","349,125",30.19%,68.74%,-38.55%,,"107,324","241,583","353,116",30.39%,68.41%,-38.02%
AL-07,Terri Sewell,(D),"180,321","111,517","294,526",61.22%,37.86%,23.36%,,"212,792","116,745","332,305",64.04%,35.13%,28.90%
AR-01,Rick Crawford,(R),"72,183","196,035","273,446",26.40%,71.69%,-45.29%,,"80,516","197,832","286,792",28.07%,68.98%,-40.91%
AR-02,French Hill,(R),"131,089","180,710","319,500",41.03%,56.56%,-15.53%,,"140,254","183,964","333,041",42.11%,55.24%,-13.12%
AR-03,Steve Womack,(R),"112,073","189,161","309,672",36.19%,61.08%,-24.89%,,"110,479","180,794","300,274",36.79%,60.21%,-23.42%
AR-04,Bruce Westerman,(R),"81,560","193,335","280,058",29.12%,69.03%,-39.91%,,"92,683","198,057","298,962",31.00%,66.25%,-35.25%
AZ-01,David Schweikert,(R),"216,232","230,237","450,734",47.97%,51.08%,-3.11%,,"231,887","225,013","462,784",50.11%,48.62%,1.49%
AZ-02,Eli Crane,(R),"174,969","237,306","416,477",42.01%,56.98%,-14.97%,,"183,714","215,659","405,633",45.29%,53.17%,-7.88%
AZ-03,Yassamin Ansari,(D),"147,522","62,762","213,222",69.19%,29.44%,39.75%,,"170,840","54,754","229,285",74.51%,23.88%,50.63%
AZ-04,Greg Stanton,(D),"182,893","159,723","347,506",52.63%,45.96%,6.67%,,"201,238","162,975","371,497",54.17%,43.87%,10.30%
AZ-05,Andy Biggs,(R),"175,673","264,571","445,025",39.47%,59.45%,-19.98%,,"171,278","239,646","417,419",41.03%,57.41%,-16.38%
AZ-06,Juan Ciscomani,(R),"216,024","219,323","440,175",49.08%,49.83%,-0.75%,,"214,896","214,580","436,079",49.28%,49.21%,0.07%
AZ-07,Adelita Grijalva,(D),"170,352","108,028","281,685",60.48%,38.35%,22.13%,,"194,860","97,580","296,840",65.64%,32.87%,32.77%
AZ-08,Abe Hamadeh,(R),"162,183","226,186","392,023",41.37%,57.70%,-16.33%,,"171,266","225,761","402,630",42.54%,56.07%,-13.53%
AZ-09,Paul Gosar,(R),"137,012","262,106","402,472",34.04%,65.12%,-31.08%,,"132,165","225,719","363,126",36.40%,62.16%,-25.76%
CA-01,VACANT (LaMalfa),(R),"118,090","199,649","326,893",36.12%,61.07%,-24.95%,,"136,550","203,077","348,189",39.22%,58.32%,-19.11%
CA-02,Jared Huffman,(D),"276,863","100,474","390,600",70.88%,25.72%,45.16%,,"310,592","101,570","422,441",73.52%,24.04%,49.48%
CA-03,Kevin Kiley,(R),"201,922","218,497","434,048",46.52%,50.34%,-3.82%,,"211,790","219,762","442,451",47.87%,49.67%,-1.80%
CA-04,Mike Thompson,(D),"225,203","115,410","351,669",64.04%,32.82%,31.22%,,"250,308","113,844","373,278",67.06%,30.50%,36.56%
CA-05,Tom McClintock,(R),"151,686","219,092","380,505",39.86%,57.58%,-17.71%,,"171,424","220,770","401,076",42.74%,55.04%,-12.30%
CA-06,Ami Bera,(D),"166,463","124,666","301,412",55.23%,41.36%,13.87%,,"192,873","131,468","333,336",57.86%,39.44%,18.42%
CA-07,Doris Matsui,(D),"195,104","103,118","309,198",63.10%,33.35%,29.75%,,"228,897","102,737","339,420",67.44%,30.27%,37.17%
CA-08,John Garamendi,(D),"200,015","75,771","285,116",70.15%,26.58%,43.58%,,"244,070","70,550","321,343",75.95%,21.95%,54.00%
CA-09,Josh Harder,(D),"122,904","127,491","258,203",47.60%,49.38%,-1.78%,,"157,640","121,642","285,397",55.24%,42.62%,12.61%
CA-10,Mark DeSaulnier,(D),"247,321","119,198","379,290",65.21%,31.43%,33.78%,,"280,973","119,815","409,383",68.63%,29.27%,39.37%
CA-11,Nancy Pelosi,(D),"295,463","50,870","361,182",81.80%,14.08%,67.72%,,"339,795","46,210","393,814",86.28%,11.73%,74.55%
CA-12,Lateefah Simon,(D),"269,148","33,869","318,386",84.54%,10.64%,73.90%,,"328,830","31,734","368,206",89.31%,8.62%,80.69%
CA-13,Adam Gray,(D),"100,559","112,433","218,799",45.96%,51.39%,-5.43%,,"125,261","100,222","230,706",54.29%,43.44%,10.85%
CA-14,VACANT (Swalwell),(D),"191,274","88,263","290,778",65.78%,30.35%,35.43%,,"239,561","87,626","334,248",71.67%,26.22%,45.46%
CA-15,Kevin Mullin,(D),"220,603","74,250","305,590",72.19%,24.30%,47.89%,,"272,883","71,552","351,079",77.73%,20.38%,57.35%
CA-16,Sam Liccardo,(D),"249,344","82,398","344,065",72.47%,23.95%,48.52%,,"288,193","85,593","382,082",75.43%,22.40%,53.03%
CA-17,Ro Khanna,(D),"176,438","76,249","264,323",66.75%,28.85%,37.90%,,"219,542","76,381","301,898",72.72%,25.30%,47.42%
CA-18,Zoe Lofgren,(D),"149,269","79,571","236,237",63.19%,33.68%,29.50%,,"190,117","72,029","267,951",70.95%,26.88%,44.07%
CA-19,Jimmy Panetta,(D),"246,403","116,909","376,513",65.44%,31.05%,34.39%,,"283,245","119,900","412,573",68.65%,29.06%,39.59%
CA-20,Vince Fong,(R),"110,642","210,246","328,446",33.69%,64.01%,-30.33%,,"127,496","214,492","349,862",36.44%,61.31%,-24.87%
CA-21,Jim Costa,(D),"101,220","93,644","200,112",50.58%,46.80%,3.79%,,"133,827","87,856","226,362",59.12%,38.81%,20.31%
CA-22,David Valadao,(R),"79,359","89,469","173,377",45.77%,51.60%,-5.83%,,"103,963","79,681","188,155",55.25%,42.35%,12.90%
CA-23,Jay Obernolte,(R),"110,434","156,700","274,456",40.24%,57.09%,-16.86%,,"130,953","160,218","298,346",43.89%,53.70%,-9.81%
CA-24,Salud Carbajal,(D),"214,713","126,508","352,206",60.96%,35.92%,25.04%,,"240,344","130,117","379,418",63.35%,34.29%,29.05%
CA-25,Raul Ruiz,(D),"125,529","119,328","250,727",50.07%,47.59%,2.47%,,"150,324","109,749","265,268",56.67%,41.37%,15.30%
CA-26,Julia Brownley,(D),"190,849","145,316","345,925",55.17%,42.01%,13.16%,,"222,994","147,422","378,303",58.95%,38.97%,19.98%
CA-27,George Whitesides,(D),"157,170","145,061","311,417",50.47%,46.58%,3.89%,,"188,108","145,890","341,467",55.09%,42.72%,12.36%
CA-28,Judy Chu,(D),"204,263","115,237","330,517",61.80%,34.87%,26.94%,,"242,549","117,111","366,847",66.12%,31.92%,34.19%
CA-29,Luz Rivas,(D),"154,257","72,714","234,315",65.83%,31.03%,34.80%,,"204,924","63,885","274,903",74.54%,23.24%,51.30%
CA-30,Laura Friedman,(D),"233,138","94,036","338,818",68.81%,27.75%,41.06%,,"273,895","98,576","379,374",72.20%,25.98%,46.21%
CA-31,Gil Cisneros,(D),"151,581","106,588","266,185",56.95%,40.04%,16.90%,,"198,028","102,679","307,073",64.49%,33.44%,31.05%
CA-32,Brad Sherman,(D),"224,304","114,803","349,320",64.21%,32.86%,31.35%,,"271,209","112,044","390,332",69.48%,28.70%,40.78%
CA-33,Pete Aguilar,(D),"129,054","107,755","243,888",52.92%,44.18%,8.73%,,"168,266","99,017","273,478",61.53%,36.21%,25.32%
CA-34,Jimmy Gomez,(D),"156,740","48,092","214,539",73.06%,22.42%,50.64%,,"205,043","42,309","253,290",80.95%,16.70%,64.25%
CA-35,Norma Torres,(D),"131,010","105,937","244,123",53.67%,43.39%,10.27%,,"173,588","97,138","276,741",62.73%,35.10%,27.63%
CA-36,Ted Lieu,(D),"261,912","111,106","385,620",67.92%,28.81%,39.11%,,"299,046","113,323","421,108",71.01%,26.91%,44.10%
CA-37,Sydney Kamlager-Dove,(D),"184,950","42,949","235,124",78.66%,18.27%,60.39%,,"239,814","34,760","279,846",85.69%,12.42%,73.27%
CA-38,Linda Sanchez,(D),"166,559","119,143","294,877",56.48%,40.40%,16.08%,,"217,122","114,836","338,870",64.07%,33.89%,30.18%
CA-39,Mark Takano,(D),"125,934","103,033","236,224",53.31%,43.62%,9.69%,,"165,291","95,616","266,730",61.97%,35.85%,26.12%
CA-40,Young Kim,(R),"184,651","193,734","391,393",47.18%,49.50%,-2.32%,,"212,169","204,203","424,992",49.92%,48.05%,1.87%
CA-41,Ken Calvert,(R),"165,922","187,430","362,808",45.73%,51.66%,-5.93%,,"178,995","182,973","368,474",48.58%,49.66%,-1.08%
CA-42,Robert Garcia,(D),"159,940","79,492","248,059",64.48%,32.05%,32.43%,,"207,750","74,998","289,669",71.72%,25.89%,45.83%
CA-43,Maxine Waters,(D),"162,845","53,435","223,449",72.88%,23.91%,48.96%,,"218,764","46,043","270,782",80.79%,17.00%,63.79%
CA-44,Nanette Barragan,(D),"164,053","79,136","251,106",65.33%,31.51%,33.82%,,"213,507","72,413","292,791",72.92%,24.73%,48.19%
CA-45,Derek Tran,(D),"159,879","154,900","324,363",49.29%,47.76%,1.54%,,"186,196","164,111","357,137",52.14%,45.95%,6.18%
CA-46,Lou Correa,(D),"125,174","86,462","218,362",57.32%,39.60%,17.73%,,"162,579","85,483","253,538",64.12%,33.72%,30.41%
CA-47,Dave Min,(D),"182,428","167,325","362,462",50.33%,46.16%,4.17%,,"212,948","169,641","390,918",54.47%,43.40%,11.08%
CA-48,Darrell Issa,(R),"152,884","209,800","371,854",41.11%,56.42%,-15.31%,,"167,285","215,540","391,616",42.72%,55.04%,-12.32%
CA-49,Mike Levin,(D),"202,287","172,361","385,546",52.47%,44.71%,7.76%,,"221,230","174,975","405,298",54.58%,43.17%,11.41%
CA-50,Scott Peters,(D),"234,873","124,867","372,180",63.11%,33.55%,29.56%,,"262,795","129,606","401,947",65.38%,32.24%,33.14%
CA-51,Sara Jacobs,(D),"204,059","124,434","338,858",60.22%,36.72%,23.50%,,"231,182","130,132","370,060",62.47%,35.17%,27.31%
CA-52,Juan Vargas,(D),"159,494","102,478","269,073",59.28%,38.09%,21.19%,,"205,523","93,111","304,934",67.40%,30.53%,36.86%
CO-01,Diana DeGette,(D),"280,661","75,479","365,908",76.70%,20.63%,56.07%,,"315,904","72,379","397,310",79.51%,18.22%,61.29%
CO-02,Joe Neguse,(D),"295,692","123,973","431,634",68.51%,28.72%,39.78%,,"306,400","128,491","446,260",68.66%,28.79%,39.87%
CO-03,Jeff Hurd,(R),"178,501","218,065","406,672",43.89%,53.62%,-9.73%,,"184,181","218,187","412,128",44.69%,52.94%,-8.25%
CO-04,Lauren Boebert,(R),"182,901","267,114","461,367",39.64%,57.90%,-18.25%,,"174,553","256,585","442,183",39.48%,58.03%,-18.55%
CO-05,Jeff Crank,(R),"165,522","199,615","375,301",44.10%,53.19%,-9.08%,,"160,880","198,614","373,408",43.08%,53.19%,-10.11%
CO-06,Jason Crow,(D),"210,533","139,305","360,149",58.46%,38.68%,19.78%,,"232,517","141,195","383,771",60.59%,36.79%,23.80%
CO-07,Brittany Pettersen,(D),"249,924","183,164","445,524",56.10%,41.11%,14.98%,,"256,166","190,987","459,940",55.70%,41.52%,14.17%
CO-08,Gabe Evans,(R),"164,425","170,726","344,318",47.75%,49.58%,-1.83%,,"173,751","158,170","341,951",50.81%,46.26%,4.56%
CT-01,John Larson,(D),"208,405","129,726","343,851",60.61%,37.73%,22.88%,,"227,830","126,759","359,895",63.30%,35.22%,28.08%
CT-02,Joe Courtney,(D),"205,994","175,984","388,477",53.03%,45.30%,7.73%,,"214,158","169,366","391,348",54.72%,43.28%,11.45%
CT-03,Rosa DeLauro,(D),"191,831","143,737","342,110",56.07%,42.01%,14.06%,,"213,122","142,174","359,820",59.23%,39.51%,19.72%
CT-04,Jim Himes,(D),"206,080","127,034","338,387",60.90%,37.54%,23.36%,,"230,411","120,230","355,456",64.82%,33.82%,31.00%
CT-05,Jahana Hayes,(D),"179,743","160,437","345,604",52.01%,46.42%,5.59%,,"195,160","156,762","357,217",54.63%,43.88%,10.75%
DE-AL,Sarah McBride,(D),"289,758","214,351","511,697",56.63%,41.89%,14.74%,,"296,268","200,603","504,010",58.78%,39.80%,18.98%
FL-01,Jimmy Patronis,(R),"130,210","287,054","421,568",30.89%,68.09%,-37.20%,,"139,194","275,547","421,983",32.99%,65.30%,-32.31%
FL-02,Neal Dunn,(R),"166,158","239,978","410,127",40.51%,58.51%,-18.00%,,"180,607","225,757","410,746",43.97%,54.96%,-10.99%
FL-03,Kat Cammack,(R),"155,748","240,137","399,639",38.97%,60.09%,-21.12%,,"166,687","222,032","392,680",42.45%,56.54%,-14.09%
FL-04,Aaron Bean,(R),"173,072","220,106","397,132",43.58%,55.42%,-11.84%,,"184,152","210,911","400,004",46.04%,52.73%,-6.69%
FL-05,John Rutherford,(R),"168,926","262,439","436,333",38.71%,60.15%,-21.43%,,"176,903","244,278","426,534",41.47%,57.27%,-15.80%
FL-06,Randy Fine,(R),"152,754","285,616","441,578",34.59%,64.68%,-30.09%,,"160,980","262,018","426,794",37.72%,61.39%,-23.67%
FL-07,Cory Mills,(R),"184,389","237,638","426,813",43.20%,55.68%,-12.48%,,"202,049","226,044","432,716",46.69%,52.24%,-5.55%
FL-08,Mike Haridopolos,(R),"177,212","280,406","461,931",38.36%,60.70%,-22.34%,,"186,758","267,849","459,670",40.63%,58.27%,-17.64%
FL-09,Darren Soto,(D),"170,042","158,367","332,322",51.17%,47.65%,3.51%,,"198,451","139,043","340,752",58.24%,40.80%,17.43%
FL-10,Maxwell Frost,(D),"182,937","114,483","301,485",60.68%,37.97%,22.71%,,"218,958","112,414","335,201",65.32%,33.54%,31.78%
FL-11,Daniel Webster,(R),"189,155","263,412","456,757",41.41%,57.67%,-16.26%,,"188,273","234,657","426,492",44.14%,55.02%,-10.88%
FL-12,Gus Bilirakis,(R),"143,215","296,459","443,210",32.31%,66.89%,-34.58%,,"150,490","273,483","428,151",35.15%,63.88%,-28.73%
FL-13,Anna Paulina Luna,(R),"182,362","231,968","418,303",43.60%,55.45%,-11.86%,,"207,951","238,399","450,980",46.11%,52.86%,-6.75%
FL-14,Kathy Castor,(D),"190,430","163,008","357,518",53.26%,45.59%,7.67%,,"231,590","156,409","392,644",58.98%,39.83%,19.15%
FL-15,Laurel Lee,(R),"155,662","195,534","356,338",43.68%,54.87%,-11.19%,,"176,040","187,647","367,849",47.86%,51.01%,-3.16%
FL-16,Vern Buchanan,(R),"177,608","243,281","424,610",41.83%,57.30%,-15.47%,,"184,319","220,728","409,050",45.06%,53.96%,-8.90%
FL-17,Greg Steube,(R),"176,069","287,945","467,186",37.69%,61.63%,-23.95%,,"187,427","259,237","450,114",41.64%,57.59%,-15.95%
FL-18,Scott Franklin,(R),"124,323","229,013","356,098",34.91%,64.31%,-29.40%,,"133,424","213,235","349,949",38.13%,60.93%,-22.81%
FL-19,Byron Donalds,(R),"150,278","275,172","428,204",35.09%,64.26%,-29.17%,,"169,589","260,674","433,251",39.14%,60.17%,-21.02%
FL-20,VACANT (Cherfilus-McCormick),(D),"207,864","89,156","299,724",69.35%,29.75%,39.61%,,"252,405","78,222","332,578",75.89%,23.52%,52.37%
FL-21,Brian Mast,(R),"188,603","264,124","455,972",41.36%,57.93%,-16.56%,,"199,069","240,849","442,839",44.95%,54.39%,-9.43%
FL-22,Lois Frankel,(D),"197,003","176,046","376,334",52.35%,46.78%,5.57%,,"229,942","160,705","393,104",58.49%,40.88%,17.61%
FL-23,Jared Moskowitz,(D),"195,684","188,302","387,455",50.50%,48.60%,1.91%,,"232,548","177,952","412,845",56.33%,43.10%,13.22%
FL-24,Frederica Wilson,(D),"191,104","102,190","295,841",64.60%,34.54%,30.05%,,"245,449","83,302","330,498",74.27%,25.20%,49.06%
FL-25,Debbie Wasserman Schultz,(D),"184,023","165,217","352,829",52.16%,46.83%,5.33%,,"229,439","152,844","384,550",59.66%,39.75%,19.92%
FL-26,Mario Diaz-Balart,(R),"101,483","211,711","315,221",32.19%,67.16%,-34.97%,,"126,831","184,088","312,563",40.58%,58.90%,-18.32%
FL-27,Maria Elvira Salazar,(R),"142,906","192,461","338,014",42.28%,56.94%,-14.66%,,"178,067","179,207","359,223",49.57%,49.89%,-0.32%
FL-28,Carlos Gimenez,(R),"123,817","208,901","335,003",36.96%,62.36%,-25.40%,,"159,454","181,199","342,665",46.53%,52.88%,-6.35%
GA-01,Buddy Carter,(R),"152,070","209,540","363,589",41.82%,57.63%,-15.81%,,"144,314","189,725","338,574",42.62%,56.04%,-13.41%
GA-02,Sanford Bishop,(D),"169,577","145,474","316,317",53.61%,45.99%,7.62%,,"173,621","140,787","317,280",54.72%,44.37%,10.35%
GA-03,Brian Jack,(R),"145,886","270,196","418,554",34.85%,64.55%,-29.70%,,"132,438","248,375","385,533",34.35%,64.42%,-30.07%
GA-04,Hank Johnson,(D),"234,429","71,937","309,663",75.70%,23.23%,52.47%,,"248,593","65,346","317,482",78.30%,20.58%,57.72%
GA-05,Nikema Williams,(D),"299,983","48,165","351,733",85.29%,13.69%,71.59%,,"298,038","45,300","347,583",85.75%,13.03%,72.71%
GA-06,Lucy McBath,(D),"280,411","92,612","376,079",74.56%,24.63%,49.94%,,"272,649","90,780","367,715",74.15%,24.69%,49.46%
GA-07,Rich McCormick,(R),"166,264","261,716","432,786",38.42%,60.47%,-22.06%,,"160,882","240,034","406,792",39.55%,59.01%,-19.46%
GA-08,Austin Scott,(R),"119,340","225,184","345,955",34.50%,65.09%,-30.59%,,"117,889","209,159","330,441",35.68%,63.30%,-27.62%
GA-09,Andrew Clyde,(R),"130,776","267,538","401,323",32.59%,66.66%,-34.08%,,"121,352","239,320","365,489",33.20%,65.48%,-32.28%
GA-10,Mike Collins,(R),"162,887","249,036","414,479",39.30%,60.08%,-20.78%,,"146,057","226,098","376,859",38.76%,60.00%,-21.24%
GA-11,Barry Loudermilk,(R),"159,023","257,070","420,016",37.86%,61.20%,-23.34%,,"149,016","234,589","390,136",38.20%,60.13%,-21.93%
GA-12,Rick Allen,(R),"149,015","198,465","349,195",42.67%,56.84%,-14.16%,,"151,146","185,743","340,948",44.33%,54.48%,-10.15%
GA-13,VACANT (Scott),(D),"257,537","103,350","364,212",70.71%,28.38%,42.33%,,"248,807","104,096","356,696",69.75%,29.18%,40.57%
GA-14,Clay Fuller,(R),"120,819","262,833","386,145",31.29%,68.07%,-36.78%,,"108,830","242,501","356,187",30.55%,68.08%,-37.53%
HI-01,Ed Case,(D),"153,039","91,498","248,840",61.50%,36.77%,24.73%,,"178,660","96,350","279,670",63.88%,34.45%,29.43%
HI-02,Jill Tokuda,(D),"160,005","102,163","267,861",59.73%,38.14%,21.59%,,"187,470","100,514","294,799",63.59%,34.10%,29.50%
IA-01,Mariannette Miller-Meeks,(R),"190,502","226,309","422,996",45.04%,53.50%,-8.47%,,"203,400","215,742","426,927",47.64%,50.53%,-2.89%
IA-02,Ashley Hinson,(R),"186,017","227,941","419,694",44.32%,54.31%,-9.99%,,"203,246","222,312","433,378",46.90%,51.30%,-4.40%
IA-03,Zach Nunn,(R),"199,043","217,645","422,161",47.15%,51.55%,-4.41%,,"205,591","207,043","420,101",48.94%,49.28%,-0.35%
IA-04,Randy Feenstra,(R),"131,716","255,124","391,998",33.60%,65.08%,-31.48%,,"146,824","252,575","406,128",36.15%,62.19%,-26.04%
ID-01,Russ Fulcher,(R),"126,556","343,893","482,249",26.24%,71.31%,-45.07%,,"132,085","302,868","447,457",29.52%,67.69%,-38.17%
ID-02,Mike Simpson,(R),"148,416","261,353","422,563",35.12%,61.85%,-26.73%,,"154,936","251,251","419,904",36.90%,59.84%,-22.94%
IL-01,Jonathan Jackson,(D),"214,180","109,215","327,524",65.39%,33.35%,32.05%,,"260,631","103,984","369,753",70.49%,28.12%,42.37%
IL-02,Robin Kelly,(D),"196,188","97,557","297,831",65.87%,32.76%,33.12%,,"231,924","98,000","334,668",69.30%,29.28%,40.02%
IL-03,Delia Ramirez,(D),"172,024","88,947","264,637",65.00%,33.61%,31.39%,,"207,342","84,147","297,395",69.72%,28.29%,41.42%
IL-04,Chuy Garcia,(D),"133,997","74,150","211,284",63.42%,35.09%,28.33%,,"175,301","62,731","242,543",72.28%,25.86%,46.41%
IL-05,Mike Quigley,(D),"254,128","115,335","373,934",67.96%,30.84%,37.12%,,"275,679","117,237","400,256",68.88%,29.29%,39.59%
IL-06,Sean Casten,(D),"190,484","170,365","366,334",52.00%,46.51%,5.49%,,"216,368","173,185","396,914",54.51%,43.63%,10.88%
IL-07,Danny Davis,(D),"227,588","46,357","277,166",82.11%,16.73%,65.39%,,"274,896","41,082","321,060",85.62%,12.80%,72.83%
IL-08,Raja Krishnamoorthi,(D),"162,610","141,333","307,970",52.80%,45.89%,6.91%,,"189,430","138,017","333,628",56.78%,41.37%,15.41%
IL-09,Jan Schakowsky,(D),"234,534","107,886","346,306",67.72%,31.15%,36.57%,,"267,524","108,596","382,482",69.94%,28.39%,41.55%
IL-10,Brad Schneider,(D),"198,884","126,235","329,534",60.35%,38.31%,22.05%,,"220,357","128,416","355,522",61.98%,36.12%,25.86%
IL-11,Bill Foster,(D),"198,860","157,499","361,856",54.96%,43.53%,11.43%,,"215,328","157,129","380,478",56.59%,41.30%,15.30%
IL-12,Mike Bost,(R),"102,645","264,477","372,700",27.54%,70.96%,-43.42%,,"106,204","270,198","383,257",27.71%,70.50%,-42.79%
IL-13,Nikki Budzinski,(D),"180,464","145,725","331,866",54.38%,43.91%,10.47%,,"195,393","155,142","358,904",54.44%,43.23%,11.21%
IL-14,Lauren Underwood,(D),"173,949","156,554","335,428",51.86%,46.67%,5.19%,,"191,028","151,016","348,998",54.74%,43.27%,11.46%
IL-15,Mary Miller,(R),"111,678","263,292","381,405",29.28%,69.03%,-39.75%,,"117,057","270,236","395,434",29.60%,68.34%,-38.74%
IL-16,Darin LaHood,(R),"147,743","236,254","390,305",37.85%,60.53%,-22.68%,,"152,633","238,789","400,519",38.11%,59.62%,-21.51%
IL-17,Eric Sorensen,(D),"162,905","147,899","316,290",51.50%,46.76%,4.74%,,"174,821","148,985","331,627",52.72%,44.93%,7.79%
IN-01,Frank Mrvan,(D),"161,625","160,330","327,083",49.41%,49.02%,0.40%,,"181,832","153,364","340,700",53.37%,45.01%,8.36%
IN-02,Rudy Yakym,(R),"107,778","187,182","299,603",35.97%,62.48%,-26.50%,,"117,687","187,968","311,424",37.79%,60.36%,-22.57%
IN-03,Marlin Stutzman,(R),"107,772","207,946","321,172",33.56%,64.75%,-31.19%,,"111,650","209,890","328,584",33.98%,63.88%,-29.90%
IN-04,Jim Baird,(R),"114,999","213,001","333,994",34.43%,63.77%,-29.34%,,"118,417","219,029","345,309",34.29%,63.43%,-29.14%
IN-05,Victoria Spartz,(R),"150,105","212,150","369,170",40.66%,57.47%,-16.81%,,"151,397","210,212","369,022",41.03%,56.96%,-15.94%
IN-06,Jefferson Shreve,(R),"107,012","212,902","325,612",32.86%,65.39%,-32.52%,,"109,391","215,307","331,748",32.97%,64.90%,-31.93%
IN-07,Andre Carson,(D),"189,586","77,134","271,247",69.89%,28.44%,41.46%,,"213,498","84,813","303,734",70.29%,27.92%,42.37%
IN-08,Mark Messmer,(R),"103,784","223,051","332,397",31.22%,67.10%,-35.88%,,"112,346","225,275","343,948",32.66%,65.50%,-32.83%
IN-09,Erin Houchin,(R),"121,011","226,651","353,491",34.23%,64.12%,-29.88%,,"126,197","223,661","356,696",35.38%,62.70%,-27.32%
KS-01,Tracey Mann,(R),"103,889","200,988","310,550",33.45%,64.72%,-31.27%,,"110,422","206,364","323,819",34.10%,63.73%,-29.63%
KS-02,Derek Schmidt,(R),"120,738","181,316","307,903",39.21%,58.89%,-19.67%,,"130,954","183,352","321,754",40.70%,56.99%,-16.29%
KS-03,Sharice Davids,(D),"203,405","187,105","397,590",51.16%,47.06%,4.10%,,"205,621","187,731","401,921",51.16%,46.71%,4.45%
KS-04,Ron Estes,(R),"116,821","189,393","311,548",37.50%,60.79%,-23.29%,,"123,326","193,958","324,810",37.97%,59.71%,-21.75%
KY-01,James Comer,(R),"88,125","250,232","342,750",25.71%,73.01%,-47.30%,,"98,100","248,460","351,824",27.88%,70.62%,-42.74%
KY-02,Brett Guthrie,(R),"100,536","245,734","351,285",28.62%,69.95%,-41.33%,,"108,502","237,998","352,498",30.78%,67.52%,-36.74%
KY-03,Morgan McGarvey,(D),"194,712","131,797","332,190",58.61%,39.68%,18.94%,,"220,429","138,649","365,965",60.23%,37.89%,22.35%
KY-04,Thomas Massie,(R),"117,644","250,916","374,804",31.39%,66.95%,-35.56%,,"122,980","244,777","374,537",32.84%,65.35%,-32.52%
KY-05,Hal Rogers,(R),"55,275","257,630","316,756",17.45%,81.33%,-63.88%,,"64,435","258,817","327,397",19.68%,79.05%,-59.37%
KY-06,Andy Barr,(R),"147,751","201,185","355,524",41.56%,56.59%,-15.03%,,"158,028","197,944","363,215",43.51%,54.50%,-10.99%
LA-01,Steve Scalise,(R),"111,933","252,925","371,800",30.11%,68.03%,-37.92%,,"116,933","265,707","389,944",29.99%,68.14%,-38.15%
LA-02,Troy Carter,(D),"207,309","106,781","320,338",64.72%,33.33%,31.38%,,"235,018","109,269","350,031",67.14%,31.22%,35.93%
LA-03,Clay Higgins,(R),"90,504","240,932","335,959",26.94%,71.71%,-44.78%,,"99,593","249,903","355,491",28.02%,70.30%,-42.28%
LA-04,Mike Johnson,(R),"78,541","254,091","336,699",23.33%,75.47%,-52.14%,,"87,192","261,304","353,970",24.63%,73.82%,-49.19%
LA-05,Julia Letlow,(R),"104,074","225,375","334,450",31.12%,67.39%,-36.27%,,"114,890","234,776","355,457",32.32%,66.05%,-33.73%
LA-06,Cleo Fields,(D),"174,508","128,401","307,729",56.71%,41.73%,14.98%,,"202,408","134,818","343,169",58.98%,39.29%,19.70%
MA-01,Richard Neal,(D),"211,784","160,045","379,806",55.76%,42.14%,13.62%,,"235,190","150,037","393,141",59.82%,38.16%,21.66%
MA-02,Jim McGovern,(D),"231,966","141,308","382,912",60.58%,36.90%,23.68%,,"254,528","132,546","395,665",64.33%,33.50%,30.83%
MA-03,Lori Trahan,(D),"208,626","140,854","357,054",58.43%,39.45%,18.98%,,"233,536","131,375","372,676",62.66%,35.25%,27.41%
MA-04,Jake Auchincloss,(D),"237,730","158,054","403,966",58.85%,39.13%,19.72%,,"263,669","145,121","416,487",63.31%,34.84%,28.46%
MA-05,Katherine Clark,(D),"265,591","97,371","372,437",71.31%,26.14%,45.17%,,"298,842","94,405","399,703",74.77%,23.62%,51.15%
MA-06,Seth Moulton,(D),"255,729","166,654","430,682",59.38%,38.70%,20.68%,,"283,226","158,963","450,070",62.93%,35.32%,27.61%
MA-07,Ayanna Pressley,(D),"222,693","47,009","278,443",79.98%,16.88%,63.10%,,"269,381","41,245","314,904",85.54%,13.10%,72.45%
MA-08,Stephen Lynch,(D),"242,623","139,502","390,362",62.15%,35.74%,26.42%,,"277,534","130,407","414,844",66.90%,31.44%,35.47%
MA-09,Bill Keating,(D),"249,776","200,506","457,746",54.57%,43.80%,10.76%,,"266,296","183,101","457,586",58.20%,40.01%,18.18%
MD-01,Andy Harris,(R),"171,555","243,356","424,523",40.41%,57.32%,-16.91%,,"171,268","230,930","410,539",41.72%,56.25%,-14.53%
MD-02,Johnny Olszewski,(D),"227,194","154,843","392,005",57.96%,39.50%,18.46%,,"232,384","150,927","391,029",59.43%,38.60%,20.83%
MD-03,Sarah Elfreth,(D),"249,542","151,360","413,154",60.40%,36.64%,23.76%,,"255,249","149,743","413,425",61.74%,36.22%,25.52%
MD-04,Glenn Ivey,(D),"240,880","33,369","281,855",85.46%,11.84%,73.62%,,"271,589","26,247","302,947",89.65%,8.66%,80.99%
MD-05,Steny Hoyer,(D),"280,941","138,217","428,752",65.53%,32.24%,33.29%,,"280,898","128,846","416,761",67.40%,30.92%,36.48%
MD-06,April McClain Delaney,(D),"200,040","177,658","387,773",51.59%,45.81%,5.77%,,"200,375","163,848","371,676",53.91%,44.08%,9.83%
MD-07,Kweisi Mfume,(D),"236,171","58,128","302,076",78.18%,19.24%,58.94%,,"251,751","54,327","310,936",80.97%,17.47%,63.49%
MD-08,Jamie Raskin,(D),"296,254","78,619","385,512",76.85%,20.39%,56.45%,,"321,508","71,547","399,296",80.52%,17.92%,62.60%
ME-01,Chellie Pingree,(D),"258,863","165,214","433,356",59.73%,38.12%,21.61%,,"258,001","159,932","430,096",59.99%,37.19%,22.80%
ME-02,Jared Golden,(D),"176,789","212,763","397,438",44.48%,53.53%,-9.05%,,"177,070","200,803","389,278",45.49%,51.58%,-6.10%
MI-01,Jack Bergman,(R),"187,850","290,869","485,753",38.67%,59.88%,-21.21%,,"182,977","274,971","465,104",39.34%,59.12%,-19.78%
MI-02,John Moolenaar,(R),"151,066","283,908","441,509",34.22%,64.30%,-30.09%,,"145,196","262,155","414,538",35.03%,63.24%,-28.21%
MI-03,Hillary Scholten,(D),"226,857","193,356","427,349",53.08%,45.25%,7.84%,,"222,098","186,701","416,906",53.27%,44.78%,8.49%
MI-04,Bill Huizenga,(R),"201,773","225,809","434,160",46.47%,52.01%,-5.54%,,"196,696","213,155","417,516",47.11%,51.05%,-3.94%
MI-05,Tim Walberg,(R),"151,092","265,192","422,272",35.78%,62.80%,-27.02%,,"150,368","248,430","405,836",37.05%,61.21%,-24.16%
MI-06,Debbie Dingell,(D),"280,089","171,949","464,014",60.36%,37.06%,23.31%,,"286,146","164,381","456,503",62.68%,36.01%,26.67%
MI-07,Tom Barrett,(R),"224,740","230,678","462,734",48.57%,49.85%,-1.28%,,"219,465","217,141","444,296",49.40%,48.87%,0.52%
MI-08,Kristen McDonald Rivet,(D),"209,502","218,093","433,716",48.30%,50.28%,-1.98%,,"215,710","207,003","429,213",50.26%,48.23%,2.03%
MI-09,Lisa McClain,(R),"161,552","319,082","487,198",33.16%,65.49%,-32.33%,,"160,590","297,475","464,737",34.56%,64.01%,-29.45%
MI-10,John James,(R),"199,324","227,882","436,216",45.69%,52.24%,-6.55%,,"209,969","214,177","429,829",48.85%,49.83%,-0.98%
MI-11,Haley Stevens,(D),"262,389","188,361","460,276",57.01%,40.92%,16.08%,,"273,915","182,229","462,280",59.25%,39.42%,19.83%
MI-12,Rashida Tlaib,(D),"249,017","106,983","374,126",66.56%,28.60%,37.96%,,"285,642","97,508","387,609",73.69%,25.16%,48.54%
MI-13,Shri Thanedar,(D),"231,273","94,471","333,169",69.42%,28.36%,41.06%,,"252,697","83,907","340,610",74.19%,24.63%,49.56%
MN-01,Brad Finstad,(R),"167,186","213,794","388,291",43.06%,55.06%,-12.00%,,"172,285","208,058","388,718",44.32%,53.52%,-9.20%
MN-02,Angie Craig,(D),"220,555","195,780","424,818",51.92%,46.09%,5.83%,,"221,003","190,819","420,650",52.54%,45.36%,7.18%
MN-03,Kelly Morrison,(D),"251,783","161,925","422,632",59.57%,38.31%,21.26%,,"258,543","167,402","434,448",59.51%,38.53%,20.98%
MN-04,Betty McCollum,(D),"251,495","117,085","376,783",66.75%,31.07%,35.67%,,"268,967","119,722","396,499",67.84%,30.19%,37.64%
MN-05,Ilhan Omar,(D),"292,800","65,271","367,777",79.61%,17.75%,61.87%,,"319,407","69,135","396,493",80.56%,17.44%,63.12%
MN-06,Tom Emmer,(R),"168,603","253,253","430,366",39.18%,58.85%,-19.67%,,"165,862","238,872","413,782",40.08%,57.73%,-17.64%
MN-07,Michelle Fischbach,(R),"123,652","269,504","399,799",30.93%,67.41%,-36.48%,,"128,550","260,007","395,801",32.48%,65.69%,-33.21%
MN-08,Pete Stauber,(R),"180,905","242,420","430,450",42.03%,56.32%,-14.29%,,"182,461","230,050","420,814",43.36%,54.67%,-11.31%
MO-01,Wesley Bell,(D),"244,275","64,567","314,220",77.74%,20.55%,57.19%,,"278,269","71,037","355,000",78.39%,20.01%,58.38%
MO-02,Ann Wagner,(R),"196,255","230,556","433,971",45.22%,53.13%,-7.90%,,"198,823","232,845","438,960",45.29%,53.04%,-7.75%
MO-03,Bob Onder,(R),"146,055","254,638","406,388",35.94%,62.66%,-26.72%,,"142,584","247,108","397,210",35.90%,62.21%,-26.31%
MO-04,Mark Alford,(R),"106,163","265,110","375,940",28.24%,70.52%,-42.28%,,"109,920","257,315","374,598",29.34%,68.69%,-39.35%
MO-05,Emanuel Cleaver,(D),"205,020","126,971","337,623",60.72%,37.61%,23.12%,,"217,895","125,686","350,584",62.15%,35.85%,26.30%
MO-06,Sam Graves,(R),"114,818","263,613","382,953",29.98%,68.84%,-38.85%,,"115,548","255,727","377,863",30.58%,67.68%,-37.10%
MO-07,Eric Burlison,(R),"105,495","265,470","375,382",28.10%,70.72%,-42.62%,,"103,423","254,241","364,374",28.38%,69.77%,-41.39%
MO-08,Jason Smith,(R),"82,518","281,060","367,119",22.48%,76.56%,-54.08%,,"86,552","274,779","366,570",23.61%,74.96%,-51.35%
MS-01,Trent Kelly,(R),"99,872","219,885","324,057",30.82%,67.85%,-37.03%,,"111,535","217,291","333,728",33.42%,65.11%,-31.69%
MS-02,Bennie Thompson,(D),"170,917","112,590","286,455",59.67%,39.30%,20.36%,,"208,159","121,206","333,247",62.46%,36.37%,26.09%
MS-03,Michael Guest,(R),"113,023","207,443","323,626",34.92%,64.10%,-29.18%,,"128,386","212,321","345,011",37.21%,61.54%,-24.33%
MS-04,Mike Ezell,(R),"82,856","207,826","293,870",28.19%,70.72%,-42.53%,,"91,318","205,946","301,772",30.26%,68.25%,-37.98%
MT-01,Ryan Zinke,(R),"137,405","174,604","322,059",42.66%,54.21%,-11.55%,,"143,417","165,189","316,603",45.30%,52.18%,-6.88%
MT-02,Troy Downing,(R),"94,501","177,475","280,904",33.64%,63.18%,-29.54%,,"101,369","178,413","287,037",35.32%,62.16%,-26.84%
NC-01,Don Davis,(D),"182,919","194,701","380,609",48.06%,51.16%,-3.10%,,"195,535","189,037","387,749",50.43%,48.75%,1.68%
NC-02,Deborah Ross,(D),"271,376","132,352","410,662",66.08%,32.23%,33.85%,,"274,375","129,374","410,264",66.88%,31.53%,35.34%
NC-03,Greg Murphy,(R),"147,424","230,887","381,786",38.61%,60.48%,-21.86%,,"148,669","211,944","365,705",40.65%,57.95%,-17.30%
NC-04,Valerie Foushee,(D),"312,671","115,458","435,313",71.83%,26.52%,45.30%,,"303,300","109,913","418,781",72.42%,26.25%,46.18%
NC-05,Virginia Foxx,(R),"165,367","237,737","407,131",40.62%,58.39%,-17.78%,,"167,159","228,749","400,206",41.77%,57.16%,-15.39%
NC-06,Addison McDowell,(R),"159,318","226,306","390,326",40.82%,57.98%,-17.16%,,"157,028","218,931","380,748",41.24%,57.50%,-16.26%
NC-07,David Rouzer,(R),"188,984","250,257","443,261",42.63%,56.46%,-13.82%,,"182,079","227,837","415,038",43.87%,54.90%,-11.03%
NC-08,Mark Harris,(R),"162,688","241,935","408,938",39.78%,59.16%,-19.38%,,"160,797","231,207","396,368",40.57%,58.33%,-17.76%
NC-09,Richard Hudson,(R),"158,667","219,161","381,829",41.55%,57.40%,-15.84%,,"157,590","209,219","371,496",42.42%,56.32%,-13.90%
NC-10,Pat Harrigan,(R),"168,721","242,317","415,176",40.64%,58.36%,-17.73%,,"164,107","227,817","396,712",41.37%,57.43%,-16.06%
NC-11,Chuck Edwards,(R),"196,320","238,092","439,574",44.66%,54.16%,-9.50%,,"189,675","237,262","432,661",43.84%,54.84%,-11.00%
NC-12,Alma Adams,(D),"254,841","91,752","352,991",72.19%,25.99%,46.20%,,"262,552","85,335","352,999",74.38%,24.17%,50.20%
NC-13,Brad Knott,(R),"175,125","245,091","424,917",41.21%,57.68%,-16.47%,,"158,090","225,142","388,665",40.68%,57.93%,-17.25%
NC-14,Tim Moore,(R),"170,950","232,364","407,378",41.96%,57.04%,-15.08%,,"163,279","227,014","394,744",41.36%,57.51%,-16.15%
ND-AL,Julie Fedorchak,(R),"112,327","246,505","365,059",30.77%,67.52%,-36.76%,,"114,902","235,595","359,890",31.93%,65.46%,-33.54%
NE-01,Mike Flood,(R),"136,153","177,666","318,304",42.77%,55.82%,-13.04%,,"136,956","171,957","316,440",43.28%,54.34%,-11.06%
NE-02,Don Bacon,(R),"163,541","148,905","316,690",51.64%,47.02%,4.62%,,"163,239","143,429","312,940",52.16%,45.83%,6.33%
NE-03,Adrian Smith,(R),"70,301","238,245","312,165",22.52%,76.32%,-53.80%,,"74,388","241,459","322,332",23.08%,74.91%,-51.83%
NH-01,Chris Pappas,(D),"208,186","199,942","411,957",50.54%,48.53%,2.01%,,"210,310","186,410","403,198",52.16%,46.23%,5.93%
NH-02,Maggie Goodlander,(D),"210,302","195,581","410,159",51.27%,47.68%,3.59%,,"214,627","179,250","400,635",53.57%,44.74%,8.83%
NJ-01,Donald Norcross,(D),"220,600","150,098","376,377",58.61%,39.88%,18.73%,,"247,693","149,375","402,495",61.54%,37.11%,24.43%
NJ-02,Jeff Van Drew,(R),"166,360","214,917","386,844",43.00%,55.56%,-12.55%,,"192,481","212,664","410,535",46.89%,51.80%,-4.92%
NJ-03,Herb Conaway,(D),"212,712","179,400","398,668",53.36%,45.00%,8.36%,,"248,284","186,603","440,666",56.34%,42.35%,14.00%
NJ-04,Chris Smith,(R),"142,650","268,072","416,430",34.26%,64.37%,-30.12%,,"163,106","259,059","427,724",38.13%,60.57%,-22.43%
NJ-05,Josh Gottheimer,(D),"200,624","194,528","402,838",49.80%,48.29%,1.51%,,"240,209","186,611","432,269",55.57%,43.17%,12.40%
NJ-06,Frank Pallone,(D),"167,151","146,484","321,741",51.95%,45.53%,6.42%,,"197,825","133,268","335,439",58.98%,39.73%,19.25%
NJ-07,Tom Kean,(R),"216,349","221,591","446,499",48.45%,49.63%,-1.17%,,"235,951","218,151","461,600",51.12%,47.26%,3.86%
NJ-08,Rob Menendez,(D),"135,328","81,523","222,455",60.83%,36.65%,24.19%,,"173,894","64,633","241,039",72.14%,26.81%,45.33%
NJ-09,Nellie Pou,(D),"137,598","140,858","286,539",48.02%,49.16%,-1.14%,,"185,603","126,054","315,019",58.92%,40.01%,18.90%
NJ-10,LaMonica McIver,(D),"196,329","62,565","263,460",74.52%,23.75%,50.77%,,"234,076","53,928","290,354",80.62%,18.57%,62.04%
NJ-11,Analilia Mejia,(D),"219,563","183,688","411,672",53.33%,44.62%,8.71%,,"252,859","178,835","437,161",57.84%,40.91%,16.93%
NJ-12,Bonnie Watson Coleman,(D),"205,449","124,491","339,201",60.57%,36.70%,23.87%,,"236,355","114,094","355,052",66.57%,32.13%,34.43%
NM-01,Melanie Stansbury,(D),"194,851","150,029","353,920",55.06%,42.39%,12.66%,,"201,158","149,225","359,557",55.95%,41.50%,14.44%
NM-02,Gabe Vasquez,(D),"130,539","135,451","271,659",48.05%,49.86%,-1.81%,,"137,449","121,889","264,675",51.93%,46.05%,5.88%
NM-03,Teresa Leger Fernandez,(D),"153,411","137,911","297,824",51.51%,46.31%,5.20%,,"163,007","130,780","299,733",54.38%,43.63%,10.75%
NV-01,Dina Titus,(D),"168,452","160,877","335,276",50.24%,47.98%,2.26%,,"172,621","144,973","324,286",53.23%,44.71%,8.53%
NV-02,Mark Amodei,(R),"176,315","235,008","421,161",41.86%,55.80%,-13.94%,,"173,063","217,348","401,970",43.05%,54.07%,-11.02%
NV-03,Susie Lee,(D),"187,997","190,836","385,188",48.81%,49.54%,-0.74%,,"190,167","166,069","363,064",52.38%,45.74%,6.64%
NV-04,Steven Horsford,(D),"172,433","164,484","343,215",50.24%,47.92%,2.32%,,"167,635","141,501","316,056",53.04%,44.77%,8.27%
NY-01,Nick LaLota,(R),"190,070","233,206","429,463",44.26%,54.30%,-10.04%,,"207,858","215,362","428,299",48.53%,50.28%,-1.75%
NY-02,Andrew Garbarino,(R),"153,928","204,363","362,137",42.51%,56.43%,-13.93%,,"176,297","185,233","365,862",48.19%,50.63%,-2.44%
NY-03,Tom Suozzi,(D),"178,099","194,286","378,302",47.08%,51.36%,-4.28%,,"216,926","172,453","393,286",55.16%,43.85%,11.31%
NY-04,Laura Gillen,(D),"194,428","189,465","388,579",50.04%,48.76%,1.28%,,"223,909","166,538","394,485",56.76%,42.22%,14.54%
NY-05,Gregory Meeks,(D),"170,189","68,170","242,000",70.33%,28.17%,42.16%,,"216,607","49,624","267,734",80.90%,18.53%,62.37%
NY-06,Grace Meng,(D),"109,480","96,065","209,347",52.30%,45.89%,6.41%,,"149,718","81,324","232,973",64.26%,34.91%,29.36%
NY-07,Nydia Velazquez,(D),"168,187","60,343","235,013",71.56%,25.68%,45.89%,,"199,115","48,083","249,547",79.79%,19.27%,60.52%
NY-08,Hakeem Jeffries,(D),"170,067","64,988","238,931",71.18%,27.20%,43.98%,,"203,603","57,647","262,973",77.42%,21.92%,55.50%
NY-09,Yvette Clarke,(D),"173,762","71,900","250,858",69.27%,28.66%,40.61%,,"204,222","63,657","269,726",75.71%,23.60%,52.11%
NY-10,Dan Goldman,(D),"218,940","51,536","276,966",79.05%,18.61%,60.44%,,"242,638","40,374","285,858",84.88%,14.12%,70.76%
NY-11,Nicole Malliotakis,(R),"100,628","167,092","272,725",36.90%,61.27%,-24.37%,,"134,698","157,208","294,600",45.72%,53.36%,-7.64%
NY-12,Jerry Nadler,(D),"273,954","58,314","339,053",80.80%,17.20%,63.60%,,"291,127","47,209","341,717",85.20%,13.82%,71.38%
NY-13,Adriano Espaillat,(D),"188,808","46,800","239,540",78.82%,19.54%,59.28%,,"242,303","30,463","274,962",88.12%,11.08%,77.04%
NY-14,Alexandria Ocasio-Cortez,(D),"131,879","67,385","203,123",64.93%,33.17%,31.75%,,"178,061","50,782","230,638",77.20%,22.02%,55.19%
NY-15,Ritchie Torres,(D),"137,445","47,283","186,840",73.56%,25.31%,48.26%,,"184,830","31,368","217,537",84.96%,14.42%,70.55%
NY-16,George Latimer,(D),"216,167","108,141","326,298",66.25%,33.14%,33.11%,,"240,156","91,069","334,406",71.82%,27.23%,44.58%
NY-17,Mike Lawler,(R),"194,302","192,139","389,343",49.91%,49.35%,0.56%,,"210,419","171,537","386,305",54.47%,44.40%,10.07%
NY-18,Pat Ryan,(D),"190,672","178,297","371,412",51.34%,48.01%,3.33%,,"196,151","163,003","364,815",53.77%,44.68%,9.09%
NY-19,Josh Riley,(D),"194,147","187,279","384,909",50.44%,48.66%,1.78%,,"196,149","179,038","382,878",51.23%,46.76%,4.47%
NY-20,Paul Tonko,(D),"211,181","158,272","373,934",56.48%,42.33%,14.15%,,"224,446","151,042","383,264",58.56%,39.41%,19.15%
NY-21,Elise Stefanik,(R),"140,758","214,512","357,087",39.42%,60.07%,-20.65%,,"146,580","202,300","355,821",41.19%,56.85%,-15.66%
NY-22,John Mannion,(D),"194,091","166,358","362,520",53.54%,45.89%,7.65%,,"202,853","160,638","371,578",54.59%,43.23%,11.36%
NY-23,Nick Langworthy,(R),"154,446","237,489","395,169",39.08%,60.10%,-21.01%,,"160,038","232,952","401,042",39.91%,58.09%,-18.18%
NY-24,Claudia Tenney,(R),"143,256","229,987","375,663",38.13%,61.22%,-23.09%,,"146,388","222,914","377,792",38.75%,59.00%,-20.26%
NY-25,Joe Morelle,(D),"220,540","151,196","375,956",58.66%,40.22%,18.44%,,"231,293","150,712","390,473",59.23%,38.60%,20.64%
NY-26,Tim Kennedy,(D),"200,098","134,624","339,786",58.89%,39.62%,19.27%,,"218,507","129,475","354,198",61.69%,36.55%,25.14%
OH-01,Greg Landsman,(D),"211,031","185,646","400,601",52.68%,46.34%,6.34%,,"220,131","185,305","411,737",53.46%,45.01%,8.46%
OH-02,David Taylor,(R),"97,847","278,070","378,772",25.83%,73.41%,-47.58%,,"100,787","272,326","378,189",26.65%,72.01%,-45.36%
OH-03,Joyce Beatty,(D),"249,335","105,193","358,198",69.61%,29.37%,40.24%,,"271,653","104,526","381,877",71.14%,27.37%,43.76%
OH-04,Jim Jordan,(R),"126,919","276,526","407,004",31.18%,67.94%,-36.76%,,"125,753","268,732","400,793",31.38%,67.05%,-35.67%
OH-05,Bob Latta,(R),"138,272","254,181","396,079",34.91%,64.17%,-29.26%,,"142,103","248,389","396,658",35.83%,62.62%,-26.80%
OH-06,Michael Rulli,(R),"125,146","253,662","381,790",32.78%,66.44%,-33.66%,,"139,489","254,100","399,031",34.96%,63.68%,-28.72%
OH-07,Max Miller,(R),"185,110","229,613","418,212",44.26%,54.90%,-10.64%,,"192,588","232,245","429,982",44.79%,54.01%,-9.22%
OH-08,Warren Davidson,(R),"147,411","240,026","390,902",37.71%,61.40%,-23.69%,,"153,374","241,662","400,865",38.26%,60.29%,-22.02%
OH-09,Marcy Kaptur,(D),"174,641","200,020","378,201",46.18%,52.89%,-6.71%,,"186,080","197,465","390,202",47.69%,50.61%,-2.92%
OH-10,Mike Turner,(R),"176,357","198,058","378,164",46.64%,52.37%,-5.74%,,"185,657","199,447","391,739",47.39%,50.91%,-3.52%
OH-11,Shontel Brown,(D),"247,406","70,879","320,576",77.18%,22.11%,55.07%,,"280,537","74,103","358,397",78.28%,20.68%,57.60%
OH-12,Troy Balderson,(R),"129,821","257,804","390,981",33.20%,65.94%,-32.73%,,"131,512","251,592","389,032",33.80%,64.67%,-30.87%
OH-13,Emilia Sykes,(D),"195,964","195,781","395,335",49.57%,49.52%,0.05%,,"205,953","194,497","406,190",50.70%,47.88%,2.82%
OH-14,Dave Joyce,(R),"164,380","237,003","404,819",40.61%,58.55%,-17.94%,,"172,806","234,505","412,862",41.86%,56.80%,-14.94%
OH-15,Mike Carey,(R),"164,058","197,654","365,382",44.90%,54.10%,-9.19%,,"170,743","195,940","372,828",45.80%,52.55%,-6.76%
OK-01,Kevin Hern,(R),"120,251","188,080","314,998",38.18%,59.71%,-21.53%,,"121,877","190,291","320,384",38.04%,59.39%,-21.35%
OK-02,Josh Brecheen,(R),"69,690","250,807","325,621",21.40%,77.02%,-55.62%,,"71,996","243,602","321,500",22.39%,75.77%,-53.38%
OK-03,Frank Lucas,(R),"71,499","195,379","272,017",26.28%,71.83%,-45.54%,,"72,507","194,433","273,182",26.54%,71.17%,-44.63%
OK-04,Tom Cole,(R),"100,216","202,952","309,092",32.42%,65.66%,-33.24%,,"101,711","199,240","308,407",32.98%,64.60%,-31.62%
OK-05,Stephanie Bice,(R),"137,942","198,995","344,446",40.05%,57.77%,-17.72%,,"135,799","192,715","337,226",40.27%,57.15%,-16.88%
OR-01,Suzanne Bonamici,(D),"245,504","107,459","365,289",67.21%,29.42%,37.79%,,"268,141","113,977","392,100",68.39%,29.07%,39.32%
OR-02,Cliff Bentz,(R),"128,285","227,462","365,481",35.10%,62.24%,-27.14%,,"139,315","232,311","380,527",36.61%,61.05%,-24.44%
OR-03,Maxine Dexter,(D),"248,772","88,286","349,066",71.27%,25.29%,45.98%,,"280,510","97,552","386,700",72.54%,25.23%,47.31%
OR-04,Val Hoyle,(D),"211,870","164,979","388,781",54.50%,42.43%,12.06%,,"224,343","172,448","407,431",55.06%,42.33%,12.74%
OR-05,Janelle Bynum,(D),"217,317","182,131","411,960",52.75%,44.21%,8.54%,,"225,723","188,094","424,112",53.22%,44.35%,8.87%
OR-06,Andrea Salinas,(D),"188,852","149,163","348,891",54.13%,42.75%,11.38%,,"202,351","154,067","366,361",55.23%,42.05%,13.18%
PA-01,Brian Fitzpatrick,(R),"235,106","233,595","473,307",49.67%,49.35%,0.32%,,"241,484","219,852","466,243",51.79%,47.15%,4.64%
PA-02,Brendan Boyle,(D),"198,759","93,169","295,441",67.28%,31.54%,35.74%,,"221,374","88,089","311,819",70.99%,28.25%,42.74%
PA-03,Dwight Evans,(D),"346,947","42,317","394,010",88.06%,10.74%,77.32%,,"357,581","36,721","396,651",90.15%,9.26%,80.89%
PA-04,Madeleine Dean,(D),"268,429","194,501","467,793",57.38%,41.58%,15.80%,,"269,159","182,686","456,857",58.92%,39.99%,18.93%
PA-05,Mary Gay Scanlon,(D),"267,143","147,243","418,792",63.79%,35.16%,28.63%,,"276,153","140,480","420,263",65.71%,33.43%,32.28%
PA-06,Chrissy Houlahan,(D),"234,605","186,113","425,061",55.19%,43.79%,11.41%,,"235,154","174,191","414,329",56.76%,42.04%,14.71%
PA-07,Ryan Mackenzie,(R),"196,712","209,881","410,973",47.86%,51.07%,-3.20%,,"197,117","194,660","396,503",49.71%,49.09%,0.62%
PA-08,Rob Bresnahan,(R),"177,063","210,245","390,434",45.35%,53.85%,-8.50%,,"183,189","194,267","381,336",48.04%,50.94%,-2.91%
PA-09,Dan Meuser,(R),"121,820","272,975","398,386",30.58%,68.52%,-37.94%,,"119,969","261,281","386,871",31.01%,67.54%,-36.53%
PA-10,Scott Perry,(R),"192,758","214,297","411,782",46.81%,52.04%,-5.23%,,"188,632","205,148","399,568",47.21%,51.34%,-4.13%
PA-11,Lloyd Smucker,(R),"160,194","248,332","412,566",38.83%,60.19%,-21.36%,,"153,327","237,723","397,039",38.62%,59.87%,-21.26%
PA-12,Summer Lee,(D),"253,699","171,382","429,050",59.13%,39.94%,19.19%,,"255,322","169,617","429,696",59.42%,39.47%,19.95%
PA-13,John Joyce,(R),"110,815","298,877","413,001",26.83%,72.37%,-45.54%,,"107,198","288,121","400,132",26.79%,72.01%,-45.22%
PA-14,Guy Reschenthaler,(R),"138,813","279,274","421,084",32.97%,66.32%,-33.36%,,"138,892","268,695","412,038",33.71%,65.21%,-31.50%
PA-15,Glenn Thompson,(R),"121,693","272,691","397,753",30.60%,68.56%,-37.96%,,"119,459","263,001","387,754",30.81%,67.83%,-37.02%
PA-16,Mike Kelly,(R),"159,531","254,619","417,676",38.19%,60.96%,-22.77%,,"158,730","242,664","406,695",39.03%,59.67%,-20.64%
PA-17,Chris Deluzio,(D),"238,954","213,797","457,096",52.28%,46.77%,5.50%,,"237,707","211,205","454,479",52.30%,46.47%,5.83%
RI-01,Gabe Amo,(D),"140,825","88,794","234,822",59.97%,37.81%,22.16%,,"152,956","83,225","239,685",63.82%,34.72%,29.09%
RI-02,Seth Magaziner,(D),"144,331","125,612","275,837",52.32%,45.54%,6.79%,,"154,530","116,697","275,313",56.13%,42.39%,13.74%
SC-01,Nancy Mace,(R),"171,105","223,189","400,369",42.74%,55.75%,-13.01%,,"171,781","204,848","383,006",44.85%,53.48%,-8.63%
SC-02,Joe Wilson,(R),"154,783","205,695","365,954",42.30%,56.21%,-13.91%,,"161,002","199,780","366,492",43.93%,54.51%,-10.58%
SC-03,Sheri Biggs,(R),"99,185","252,655","356,369",27.83%,70.90%,-43.06%,,"106,461","236,981","348,346",30.56%,68.03%,-37.47%
SC-04,William Timmons,(R),"132,540","216,077","354,343",37.40%,60.98%,-23.58%,,"138,171","202,545","347,082",39.81%,58.36%,-18.55%
SC-05,Ralph Norman,(R),"141,510","226,473","373,054",37.93%,60.71%,-22.77%,,"147,073","213,484","365,450",40.24%,58.42%,-18.17%
SC-06,Jim Clyburn,(D),"189,648","118,611","313,271",60.54%,37.86%,22.68%,,"219,768","111,769","336,352",65.34%,33.23%,32.11%
SC-07,Russell Fry,(R),"139,681","241,046","384,780",36.30%,62.65%,-26.34%,,"147,285","215,696","366,601",40.18%,58.84%,-18.66%
SD-AL,Dusty Johnson,(R),"146,859","272,081","428,922",34.24%,63.43%,-29.19%,,"150,471","261,043","422,609",35.61%,61.77%,-26.16%
TN-01,Diana Harshbarger,(R),"71,649","273,159","348,378",20.57%,78.41%,-57.84%,,"74,136","256,544","336,324",22.04%,76.28%,-54.24%
TN-02,Tim Burchett,(R),"118,773","242,945","366,766",32.38%,66.24%,-33.86%,,"122,695","226,798","356,264",34.44%,63.66%,-29.22%
TN-03,Chuck Fleischmann,(R),"113,479","243,103","361,316",31.41%,67.28%,-35.88%,,"115,371","226,469","348,163",33.14%,65.05%,-31.91%
TN-04,Scott DesJarlais,(R),"93,024","239,837","336,886",27.61%,71.19%,-43.58%,,"98,034","220,498","324,523",30.21%,67.95%,-37.74%
TN-05,Andy Ogles,(R),"150,373","216,675","373,015",40.31%,58.09%,-17.77%,,"157,606","198,784","364,675",43.22%,54.51%,-11.29%
TN-06,John Rose,(R),"114,012","240,346","358,805",31.78%,66.99%,-35.21%,,"120,181","221,681","348,370",34.50%,63.63%,-29.14%
TN-07,Matt Van Epps,(R),"127,803","202,510","335,187",38.13%,60.42%,-22.29%,,"135,634","185,342","328,513",41.29%,56.42%,-15.13%
TN-08,David Kustoff,(R),"100,535","243,791","348,278",28.87%,70.00%,-41.13%,,"110,189","244,389","359,751",30.63%,67.93%,-37.30%
TN-09,Steve Cohen,(D),"166,617","64,499","235,311",70.81%,27.41%,43.40%,,"209,865","71,971","286,406",73.28%,25.13%,48.15%
TX-01,Nathaniel Moran,(R),"78,564","246,363","327,192",24.01%,75.30%,-51.28%,,"86,340","235,935","325,932",26.49%,72.39%,-45.90%
TX-02,Dan Crenshaw,(R),"124,591","203,572","332,111",37.51%,61.30%,-23.78%,,"121,722","194,830","321,027",37.92%,60.69%,-22.77%
TX-03,Keith Self,(R),"153,496","232,845","395,370",38.82%,58.89%,-20.07%,,"152,283","204,522","362,332",42.03%,56.45%,-14.42%
TX-04,Pat Fallon,(R),"120,188","239,000","364,577",32.97%,65.56%,-32.59%,,"125,331","214,733","344,380",36.39%,62.35%,-25.96%
TX-05,Lance Gooden,(R),"111,027","194,767","309,229",35.90%,62.98%,-27.08%,,"113,821","180,707","298,176",38.17%,60.60%,-22.43%
TX-06,Jake Ellzey,(R),"104,150","188,598","295,945",35.19%,63.73%,-28.54%,,"105,417","172,963","281,938",37.39%,61.35%,-23.96%
TX-07,Lizzie Fletcher,(D),"148,939","96,446","252,742",58.93%,38.16%,20.77%,,"179,327","96,257","279,261",64.21%,34.47%,29.75%
TX-08,Morgan Luttrell,(R),"113,192","231,430","348,986",32.43%,66.31%,-33.88%,,"111,737","196,658","312,347",35.77%,62.96%,-27.19%
TX-09,Al Green,(D),"169,156","64,549","237,177",71.32%,27.22%,44.11%,,"195,428","58,355","256,506",76.19%,22.75%,53.44%
TX-10,Michael McCaul,(R),"131,834","220,457","356,885",36.94%,61.77%,-24.83%,,"135,094","198,897","339,628",39.78%,58.56%,-18.79%
TX-11,August Pfluger,(R),"71,353","192,220","265,865",26.84%,72.30%,-45.46%,,"77,977","186,084","267,919",29.10%,69.46%,-40.35%
TX-12,Craig Goldman,(R),"131,637","209,675","345,291",38.12%,60.72%,-22.60%,,"130,235","189,089","324,606",40.12%,58.25%,-18.13%
TX-13,Ronny Jackson,(R),"77,626","222,446","303,031",25.62%,73.41%,-47.79%,,"79,206","215,372","299,331",26.46%,71.95%,-45.49%
TX-14,Randy Weber,(R),"101,583","208,090","312,766",32.48%,66.53%,-34.05%,,"110,036","199,675","314,088",35.03%,63.57%,-28.54%
TX-15,Monica De La Cruz,(R),"93,470","134,492","229,772",40.68%,58.53%,-17.85%,,"109,177","115,722","227,089",48.08%,50.96%,-2.88%
TX-16,Veronica Escobar,(D),"132,189","95,314","230,335",57.39%,41.38%,16.01%,,"163,505","76,976","244,212",66.95%,31.52%,35.43%
TX-17,Pete Sessions,(R),"105,287","193,584","302,001",34.86%,64.10%,-29.24%,,"114,751","182,847","302,045",37.99%,60.54%,-22.55%
TX-18,Christian Menefee,(D),"154,657","65,672","223,517",69.19%,29.38%,39.81%,,"177,368","60,370","240,982",73.60%,25.05%,48.55%
TX-19,Jodey Arrington,(R),"66,869","212,716","282,163",23.70%,75.39%,-51.69%,,"73,174","202,461","279,621",26.17%,72.41%,-46.24%
TX-20,Joaquin Castro,(D),"147,731","95,409","245,945",60.07%,38.79%,21.27%,,"172,367","85,595","262,144",65.75%,32.65%,33.10%
TX-21,Chip Roy,(R),"163,520","266,269","434,621",37.62%,61.26%,-23.64%,,"164,213","246,263","416,581",39.42%,59.12%,-19.70%
TX-22,Troy Nehls,(R),"136,411","204,248","347,223",39.29%,58.82%,-19.54%,,"138,254","191,937","334,585",41.32%,57.37%,-16.04%
TX-23,VACANT (Gonzales),(R),"127,486","174,904","305,276",41.76%,57.29%,-15.53%,,"134,552","155,681","294,019",45.76%,52.95%,-7.19%
TX-24,Beth Van Duyne,(R),"157,912","217,060","380,887",41.46%,56.99%,-15.53%,,"168,124","216,345","390,681",43.03%,55.38%,-12.34%
TX-25,Roger Williams,(R),"106,983","231,289","342,104",31.27%,67.61%,-36.34%,,"112,309","215,979","332,712",33.76%,64.91%,-31.16%
TX-26,Brandon Gill,(R),"149,357","242,431","397,123",37.61%,61.05%,-23.44%,,"144,823","211,963","361,989",40.01%,58.56%,-18.55%
TX-27,Michael Cloud,(R),"99,368","184,228","286,037",34.74%,64.41%,-29.67%,,"109,720","174,253","287,748",38.13%,60.56%,-22.43%
TX-28,Henry Cuellar,(D),"114,961","133,211","250,380",45.91%,53.20%,-7.29%,,"131,726","114,184","249,012",52.90%,45.85%,7.04%
TX-29,Sylvia Garcia,(D),"92,821","61,054","155,692",59.62%,39.21%,20.40%,,"118,450","54,253","174,765",67.78%,31.04%,36.73%
TX-30,Jasmine Crockett,(D),"185,466","65,876","254,608",72.84%,25.87%,46.97%,,"217,199","58,708","279,332",77.76%,21.02%,56.74%
TX-31,John Carter,(R),"142,633","230,668","378,316",37.70%,60.97%,-23.27%,,"133,165","202,406","341,869",38.95%,59.21%,-20.25%
TX-32,Julie Johnson,(D),"145,115","88,312","239,154",60.68%,36.93%,23.75%,,"172,823","86,040","263,239",65.65%,32.69%,32.97%
TX-33,Marc Veasey,(D),"113,651","55,269","172,887",65.74%,31.97%,33.77%,,"139,290","45,685","187,606",74.25%,24.35%,49.89%
TX-34,Vicente Gonzalez,(D),"96,992","106,061","204,684",47.39%,51.82%,-4.43%,,"116,856","85,153","203,935",57.30%,41.75%,15.55%
TX-35,Greg Casar,(D),"176,223","86,466","266,780",66.06%,32.41%,33.64%,,"187,900","69,342","262,092",71.69%,26.46%,45.24%
TX-36,Brian Babin,(R),"94,164","205,607","302,998",31.08%,67.86%,-36.78%,,"102,316","198,540","304,672",33.58%,65.17%,-31.58%
TX-37,Lloyd Doggett,(D),"259,547","85,851","352,071",73.72%,24.38%,49.34%,,"289,226","86,849","383,154",75.49%,22.67%,52.82%
TX-38,Wesley Hunt,(R),"134,998","207,050","348,158",38.77%,59.47%,-20.70%,,"143,907","208,722","357,580",40.24%,58.37%,-18.13%
UT-01,Blake Moore,(R),"144,821","220,212","376,167",38.50%,58.54%,-20.04%,,"142,221","216,685","374,776",37.95%,57.82%,-19.87%
UT-02,Celeste Maloy,(R),"140,188","214,061","363,526",38.56%,58.88%,-20.32%,,"143,194","205,210","362,061",39.55%,56.68%,-17.13%
UT-03,Mike Kennedy,(R),"146,138","218,601","375,190",38.95%,58.26%,-19.31%,,"149,658","224,849","391,105",38.27%,57.49%,-19.23%
UT-04,Burgess Owens,(R),"131,419","230,945","373,068",35.23%,61.90%,-26.68%,,"125,210","218,396","359,735",34.81%,60.71%,-25.90%
VA-01,Rob Wittman,(R),"227,038","250,959","484,061",46.90%,51.84%,-4.94%,,"215,574","244,413","466,892",46.17%,52.35%,-6.18%
VA-02,Jen Kiggans,(R),"203,279","204,307","412,555",49.27%,49.52%,-0.25%,,"201,896","194,173","402,884",50.11%,48.20%,1.92%
VA-03,Bobby Scott,(D),"213,026","102,168","319,745",66.62%,31.95%,34.67%,,"230,576","101,134","337,411",68.34%,29.97%,38.36%
VA-04,Jennifer McClellan,(D),"251,005","125,941","382,432",65.63%,32.93%,32.70%,,"260,886","122,375","388,140",67.21%,31.53%,35.69%
VA-05,John McGuire,(R),"191,726","246,040","442,168",43.36%,55.64%,-12.28%,,"194,989","230,682","431,686",45.17%,53.44%,-8.27%
VA-06,Ben Cline,(R),"154,344","252,669","411,692",37.49%,61.37%,-23.88%,,"133,543","208,274","347,395",38.44%,59.95%,-21.51%
VA-07,Eugene Vindman,(D),"203,204","191,696","402,228",50.52%,47.66%,2.86%,,"204,951","178,472","389,585",52.61%,45.81%,6.80%
VA-08,Don Beyer,(D),"285,003","92,724","386,512",73.74%,23.99%,49.75%,,"305,118","84,142","394,439",77.35%,21.33%,56.02%
VA-09,Morgan Griffith,(R),"112,209","291,608","407,182",27.56%,71.62%,-44.06%,,"114,163","282,093","401,051",28.47%,70.34%,-41.87%
VA-10,Suhas Subramanyam,(D),"221,123","186,190","417,946",52.91%,44.55%,8.36%,,"238,976","164,941","410,021",58.28%,40.23%,18.06%
VA-11,James Walkinshaw,(D),"273,439","130,784","416,054",65.72%,31.43%,34.29%,,"295,688","121,172","422,707",69.95%,28.67%,41.29%
VT-AL,Becca Balint,(D),"235,791","119,395","366,389",64.36%,32.59%,31.77%,,"242,820","112,704","365,486",66.44%,30.84%,35.60%
WA-01,Suzan DelBene,(D),"232,691","126,084","371,555",62.63%,33.93%,28.69%,,"250,877","130,740","392,183",63.97%,33.34%,30.63%
WA-02,Rick Larsen,(D),"254,400","154,441","422,346",60.23%,36.57%,23.67%,,"263,073","162,798","437,403",60.14%,37.22%,22.93%
WA-03,Marie Gluesenkamp Perez,(D),"197,986","211,907","421,693",46.95%,50.25%,-3.30%,,"196,218","213,902","420,817",46.63%,50.83%,-4.20%
WA-04,Dan Newhouse,(R),"119,032","183,219","310,462",38.34%,59.01%,-20.67%,,"130,107","184,863","323,034",40.28%,57.23%,-16.95%
WA-05,Michael Baumgartner,(R),"173,909","217,375","402,950",43.16%,53.95%,-10.79%,,"180,838","222,224","415,270",43.55%,53.51%,-9.97%
WA-06,Emily Randall,(D),"251,826","168,264","433,649",58.07%,38.80%,19.27%,,"253,641","177,178","444,191",57.10%,39.89%,17.21%
WA-07,Pramila Jayapal,(D),"373,392","47,188","434,984",85.84%,10.85%,74.99%,,"395,386","51,351","455,644",86.78%,11.27%,75.51%
WA-08,Kim Schrier,(D),"218,294","193,710","425,522",51.30%,45.52%,5.78%,,"226,804","197,508","435,843",52.04%,45.32%,6.72%
WA-09,Adam Smith,(D),"219,426","88,121","318,654",68.86%,27.65%,41.21%,,"255,762","94,177","357,484",71.55%,26.34%,45.20%
WA-10,Marilyn Strickland,(D),"204,893","140,614","357,020",57.39%,39.39%,18.00%,,"216,906","149,910","378,511",57.31%,39.61%,17.70%
WI-01,Bryan Steil,(R),"189,560","207,736","403,219",47.01%,51.52%,-4.51%,,"190,050","197,950","393,706",48.27%,50.28%,-2.01%
WI-02,Mark Pocan,(D),"324,784","136,735","468,398",69.34%,29.19%,40.15%,,"310,866","125,928","442,951",70.18%,28.43%,41.75%
WI-03,Derrick Van Orden,(R),"191,708","222,857","421,044",45.53%,52.93%,-7.40%,,"185,088","203,589","395,551",46.79%,51.47%,-4.68%
WI-04,Gwen Moore,(D),"258,176","80,483","344,679",74.90%,23.35%,51.55%,,"260,145","78,292","342,657",75.92%,22.85%,53.07%
WI-05,Scott Fitzgerald,(R),"183,713","290,101","480,204",38.26%,60.41%,-22.15%,,"175,986","282,390","464,784",37.86%,60.76%,-22.89%
WI-06,Glenn Grothman,(R),"175,452","245,778","426,849",41.10%,57.58%,-16.48%,,"171,949","237,088","415,757",41.36%,57.03%,-15.67%
WI-07,Tom Tiffany,(R),"167,604","266,844","441,048",38.00%,60.50%,-22.50%,,"165,850","250,173","422,463",39.26%,59.22%,-19.96%
WI-08,Tony Wied,(R),"177,232","247,092","429,772",41.24%,57.49%,-16.26%,,"170,932","234,773","412,078",41.48%,56.97%,-15.49%
WV-01,Carol Miller,(R),"98,066","259,831","364,662",26.89%,71.25%,-44.36%,,"112,947","273,523","392,576",28.77%,69.67%,-40.90%
WV-02,Riley Moore,(R),"116,243","273,725","397,728",29.23%,68.82%,-39.60%,,"123,037","271,859","402,076",30.60%,67.61%,-37.01%
WY-AL,Harriet Hageman,(R),"69,527","192,633","266,353",26.10%,72.32%,-46.22%,,"73,491","193,559","275,026",26.72%,70.38%,-43.66%