"office","candidatename","partyname","electiondate","machinevotessum","absenteevotessum","earlyvotessum","totalvotessum","totalvotespercentage","xmlreporttime","electionname"
"U.S. Representative in Congress","EARL COOPER","Democratic Party","2024-09-10T00:00:00.000","10451","1413","1693","13557","16.2152","2024-09-13T12:42:52.000","2024 Primary Election"
"U.S. Representative in Congress","SARAH MCBRIDE","Democratic Party","2024-09-10T00:00:00.000","48390","8357","10017","66764","79.8546","2024-09-13T12:42:52.000","2024 Primary Election"
"U.S. Representative in Congress","ELIAS WEIR","Democratic Party","2024-09-10T00:00:00.000","2567","390","329","3286","3.93029","2024-09-13T12:42:52.000","2024 Primary Election"
"U.S. Representative in Congress","DONYALE HALL","Republican Party","2024-09-10T00:00:00.000","11892","1205","2655","15752","44.2075","2024-09-13T12:42:52.000","2024 Primary Election"
"U.S. Representative in Congress","JOHN J. WHALEN III","Republican Party","2024-09-10T00:00:00.000","15459","1364","3057","19880","55.7925","2024-09-13T12:42:52.000","2024 Primary Election"
"Governor","BETHANY HALL-LONG","Democratic Party","2024-09-10T00:00:00.000","23178","3932","4478","31588","36.6246","2024-09-13T12:42:52.000","2024 Primary Election"
"Governor","MATT MEYER","Democratic Party","2024-09-10T00:00:00.000","29459","4899","6160","40518","46.9785","2024-09-13T12:42:52.000","2024 Primary Election"
"Governor","COLLIN O'MARA","Democratic Party","2024-09-10T00:00:00.000","10962","1412","1768","14142","16.3969","2024-09-13T12:42:52.000","2024 Primary Election"
"Governor","JERROLD A. PRICE","Republican Party","2024-09-10T00:00:00.000","4454","670","847","5971","16.3419","2024-09-13T12:42:52.000","2024 Primary Election"
"Governor","MIKE RAMONE","Republican Party","2024-09-10T00:00:00.000","20412","1456","4546","26414","72.2919","2024-09-13T12:42:52.000","2024 Primary Election"
"Governor","BOBBY WILLIAMSON","Republican Party","2024-09-10T00:00:00.000","3194","464","495","4153","11.3662","2024-09-13T12:42:52.000","2024 Primary Election"
"Lieutenant Governor","SHERRY DORSEY WALKER","Democratic Party","2024-09-10T00:00:00.000","23253","3591","4191","31035","36.8093","2024-09-13T12:42:52.000","2024 Primary Election"
"Lieutenant Governor","KYLE EVANS GAY","Democratic Party","2024-09-10T00:00:00.000","29828","4402","6408","40638","48.199","2024-09-13T12:42:52.000","2024 Primary Election"
"Lieutenant Governor","DEBBIE HARRINGTON","Democratic Party","2024-09-10T00:00:00.000","9063","1977","1600","12640","14.9918","2024-09-13T12:42:52.000","2024 Primary Election"
"Insurance Commissioner","KAYODE ABEGUNDE","Democratic Party","2024-09-10T00:00:00.000","16561","2231","2777","21569","26.0413","2024-09-13T12:42:52.000","2024 Primary Election"
"Insurance Commissioner","TRINIDAD NAVARRO","Democratic Party","2024-09-10T00:00:00.000","44331","7757","9169","61257","73.9587","2024-09-13T12:42:52.000","2024 Primary Election"
"State Senator District 18","ROBERT ""BOB"" REED","Republican Party","2024-09-10T00:00:00.000","836","60","188","1084","24.2668","2024-09-13T12:42:52.000","2024 Primary Election"
"State Senator District 18","DAVE WILSON","Republican Party","2024-09-10T00:00:00.000","2722","141","520","3383","75.7332","2024-09-13T12:42:52.000","2024 Primary Election"
"State Representative District 2","STEPHANIE T. BOLDEN","Democratic Party","2024-09-10T00:00:00.000","1043","120","213","1376","64.6009","2024-09-13T12:42:52.000","2024 Primary Election"
"State Representative District 2","JAMES TAYLOR","Democratic Party","2024-09-10T00:00:00.000","587","53","114","754","35.3991","2024-09-13T12:42:52.000","2024 Primary Election"
"State Representative District 10","STEPHEN JANKOVIC","Democratic Party","2024-09-10T00:00:00.000","156","26","15","197","7.33433","2024-09-13T12:42:52.000","2024 Primary Election"
"State Representative District 10","MELANIE ROSS LEVIN","Democratic Party","2024-09-10T00:00:00.000","1462","180","197","1839","68.4661","2024-09-13T12:42:52.000","2024 Primary Election"
"State Representative District 10","DENNIS E. WILLIAMS","Democratic Party","2024-09-10T00:00:00.000","481","88","81","650","24.1996","2024-09-13T12:42:52.000","2024 Primary Election"
"State Representative District 14","KATHLEEN K. MCGUINESS","Democratic Party","2024-09-10T00:00:00.000","811","202","225","1238","26.913","2024-09-13T12:42:52.000","2024 Primary Election"
"State Representative District 14","MARTY RENDON","Democratic Party","2024-09-10T00:00:00.000","874","176","414","1464","31.8261","2024-09-13T12:42:52.000","2024 Primary Election"
"State Representative District 14","CLAIRE SNYDER-HALL","Democratic Party","2024-09-10T00:00:00.000","1003","395","500","1898","41.2609","2024-09-13T12:42:52.000","2024 Primary Election"
"State Representative District 15","VALERIE LONGHURST","Democratic Party","2024-09-10T00:00:00.000","992","152","129","1273","46.6985","2024-09-13T12:42:52.000","2024 Primary Election"
"State Representative District 15","KAMELA T. SMITH","Democratic Party","2024-09-10T00:00:00.000","1249","75","129","1453","53.3015","2024-09-13T12:42:52.000","2024 Primary Election"
"State Representative District 20","BRIAN P. JENKINS","Democratic Party","2024-09-10T00:00:00.000","363","76","125","564","16.8963","2024-09-13T12:42:52.000","2024 Primary Election"
"State Representative District 20","STELL PARKER SELBY","Democratic Party","2024-09-10T00:00:00.000","1528","447","799","2774","83.1037","2024-09-13T12:42:52.000","2024 Primary Election"
"State Representative District 21","FRANK BURNS","Democratic Party","2024-09-10T00:00:00.000","927","117","98","1142","50.6655","2024-09-13T12:42:52.000","2024 Primary Election"
"State Representative District 21","MICHAEL ALEXANDER SMITH","Democratic Party","2024-09-10T00:00:00.000","886","118","108","1112","49.3345","2024-09-13T12:42:52.000","2024 Primary Election"
"State Representative District 27","MARGIE LOPEZ WAITE","Democratic Party","2024-09-10T00:00:00.000","925","68","66","1059","40.2815","2024-09-13T12:42:52.000","2024 Primary Election"
"State Representative District 27","ERIC MORRISON","Democratic Party","2024-09-10T00:00:00.000","1277","154","139","1570","59.7185","2024-09-13T12:42:52.000","2024 Primary Election"
"State Representative District 29","WILLIAM BUSH","Democratic Party","2024-09-10T00:00:00.000","1076","216","375","1667","56.6044","2024-09-13T12:42:52.000","2024 Primary Election"
"State Representative District 29","MONICA SHOCKLEY PORTER","Democratic Party","2024-09-10T00:00:00.000","988","118","172","1278","43.3956","2024-09-13T12:42:52.000","2024 Primary Election"
"State Representative District 34","ADE ADEWUNMI KUFORIJI","Democratic Party","2024-09-10T00:00:00.000","438","56","65","559","32.2935","2024-09-13T12:42:52.000","2024 Primary Election"
"State Representative District 34","TRACEY M. MILLER","Democratic Party","2024-09-10T00:00:00.000","852","172","148","1172","67.7065","2024-09-13T12:42:52.000","2024 Primary Election"
"State Representative District 36","BRYAN WILLIAM SHUPE","Republican Party","2024-09-10T00:00:00.000","880","81","196","1157","50.2606","2024-09-13T12:42:52.000","2024 Primary Election"
"State Representative District 36","PATRICK SMITH","Republican Party","2024-09-10T00:00:00.000","923","33","189","1145","49.7394","2024-09-13T12:42:52.000","2024 Primary Election"
"New Castle County Executive","KAREN HARTLEY-NAGLE","Democratic Party","2024-09-10T00:00:00.000","16832","2433","1802","21067","39.396","2024-09-13T12:42:52.000","2024 Primary Election"
"New Castle County Executive","MARCUS HENRY","Democratic Party","2024-09-10T00:00:00.000","25460","2934","4014","32408","60.604","2024-09-13T12:42:52.000","2024 Primary Election"
"New Castle County President of County Council","GEORGE S. FRANKEL","Democratic Party","2024-09-10T00:00:00.000","11028","1039","1344","13411","25.8301","2024-09-13T12:42:52.000","2024 Primary Election"
"New Castle County President of County Council","VAL GOULD","Democratic Party","2024-09-10T00:00:00.000","8545","820","1235","10600","20.416","2024-09-13T12:42:52.000","2024 Primary Election"
"New Castle County President of County Council","JASON HOOVER","Democratic Party","2024-09-10T00:00:00.000","6287","868","845","8000","15.4083","2024-09-13T12:42:52.000","2024 Primary Election"
"New Castle County President of County Council","MONIQUE JOHNS","Democratic Party","2024-09-10T00:00:00.000","10984","1512","1605","14101","27.1591","2024-09-13T12:42:52.000","2024 Primary Election"
"New Castle County President of County Council","ROBERT A. WILLIAMS","Democratic Party","2024-09-10T00:00:00.000","4298","923","587","5808","11.1864","2024-09-13T12:42:52.000","2024 Primary Election"
"New Castle County Council District 7","MICHAEL A. BROWN","Democratic Party","2024-09-10T00:00:00.000","1531","165","152","1848","49.2537","2024-09-13T12:42:52.000","2024 Primary Election"
"New Castle County Council District 7","GEORGE SMILEY","Democratic Party","2024-09-10T00:00:00.000","1533","195","176","1904","50.7463","2024-09-13T12:42:52.000","2024 Primary Election"
"New Castle County Council District 12","KEVIN CANECO","Democratic Party","2024-09-10T00:00:00.000","2691","339","390","3420","68.4","2024-09-13T12:42:52.000","2024 Primary Election"
"New Castle County Council District 12","GEORGE M. DUDLEK","Democratic Party","2024-09-10T00:00:00.000","1362","90","128","1580","31.6","2024-09-13T12:42:52.000","2024 Primary Election"
"City of Wilmington Mayor","JOHN C. CARNEY JR.","Democratic Party","2024-09-10T00:00:00.000","4158","504","646","5308","53.7628","2024-09-13T12:42:52.000","2024 Primary Election"
"City of Wilmington Mayor","VELDA JONES-POTTER","Democratic Party","2024-09-10T00:00:00.000","3448","370","747","4565","46.2372","2024-09-13T12:42:52.000","2024 Primary Election"
"City of Wilmington City Council District 1","THEA LOPEZ","Democratic Party","2024-09-10T00:00:00.000","490","50","108","648","39.4641","2024-09-13T12:42:52.000","2024 Primary Election"
"City of Wilmington City Council District 1","COBY OWENS","Democratic Party","2024-09-10T00:00:00.000","473","50","133","656","39.9513","2024-09-13T12:42:52.000","2024 Primary Election"
"City of Wilmington City Council District 1","VINCENT M. WHITE","Democratic Party","2024-09-10T00:00:00.000","218","46","74","338","20.5847","2024-09-13T12:42:52.000","2024 Primary Election"
"City of Wilmington City Council District 2","SHANE NICOLE DARBY","Democratic Party","2024-09-10T00:00:00.000","692","74","120","886","59.6232","2024-09-13T12:42:52.000","2024 Primary Election"
"City of Wilmington City Council District 2","JOHN JOHNSON JR.","Democratic Party","2024-09-10T00:00:00.000","459","45","96","600","40.3769","2024-09-13T12:42:52.000","2024 Primary Election"
"City of Wilmington City Council District 3","DON FARRELL","Democratic Party","2024-09-10T00:00:00.000","185","13","33","231","28.803","2024-09-13T12:42:52.000","2024 Primary Election"
"City of Wilmington City Council District 3","ZANTHIA OLIVER","Democratic Party","2024-09-10T00:00:00.000","414","57","100","571","71.197","2024-09-13T12:42:52.000","2024 Primary Election"
"City of Wilmington City Council District 5","BREGETTA A. FIELDS","Democratic Party","2024-09-10T00:00:00.000","340","24","65","429","48.4746","2024-09-13T12:42:52.000","2024 Primary Election"
"City of Wilmington City Council District 5","CHRISTIAN WILLAUER","Democratic Party","2024-09-10T00:00:00.000","383","35","38","456","51.5254","2024-09-13T12:42:52.000","2024 Primary Election"
"City of Wilmington City Council District 7","PEGGY A. BROOKS","Democratic Party","2024-09-10T00:00:00.000","280","24","35","339","32.9767","2024-09-13T12:42:52.000","2024 Primary Election"
"City of Wilmington City Council District 7","JAMES DAHLKE","Democratic Party","2024-09-10T00:00:00.000","84","11","16","111","10.7977","2024-09-13T12:42:52.000","2024 Primary Election"
"City of Wilmington City Council District 7","CHRIS JOHNSON","Democratic Party","2024-09-10T00:00:00.000","472","52","54","578","56.2257","2024-09-13T12:42:52.000","2024 Primary Election"
"City of Wilmington City Council Member At-Large","LATISHA ""TISH"" BRACY","Democratic Party","2024-09-10T00:00:00.000","4613","514","825","5952","29.1865","2024-09-13T12:42:52.000","2024 Primary Election"
"City of Wilmington City Council Member At-Large","MARIA D. CABRERA","Democratic Party","2024-09-10T00:00:00.000","3660","456","691","4807","23.5718","2024-09-13T12:42:52.000","2024 Primary Election"
"City of Wilmington City Council Member At-Large","DANIELLE COVINGTON","Democratic Party","2024-09-10T00:00:00.000","2350","292","407","3049","14.9512","2024-09-13T12:42:52.000","2024 Primary Election"
"City of Wilmington City Council Member At-Large","WAYNNA DOBSON","Democratic Party","2024-09-10T00:00:00.000","1912","252","425","2589","12.6955","2024-09-13T12:42:52.000","2024 Primary Election"
"City of Wilmington City Council Member At-Large","ALEXANDER HACKETT","Democratic Party","2024-09-10T00:00:00.000","3018","374","604","3996","19.595","2024-09-13T12:42:52.000","2024 Primary Election"
"Kent County Register of Wills","COLIN BONINI","Republican Party","2024-09-10T00:00:00.000","3431","256","523","4210","59.2624","2024-09-13T12:42:52.000","2024 Primary Election"
"Kent County Register of Wills","SUSANNE WHITNEY","Republican Party","2024-09-10T00:00:00.000","2290","177","427","2894","40.7376","2024-09-13T12:42:52.000","2024 Primary Election"
"Kent County Levy Court District 5","SUSAN LANYON","Democratic Party","2024-09-10T00:00:00.000","567","98","85","750","40.8497","2024-09-13T12:42:52.000","2024 Primary Election"
"Kent County Levy Court District 5","GEORGE JODY SWEENEY","Democratic Party","2024-09-10T00:00:00.000","793","152","141","1086","59.1503","2024-09-13T12:42:52.000","2024 Primary Election"
"Sussex County Council District 1","MATT LLOYD","Republican Party","2024-09-10T00:00:00.000","1520","103","376","1999","57.808","2024-09-13T12:42:52.000","2024 Primary Election"
"Sussex County Council District 1","CHRISTIE SHIREY","Republican Party","2024-09-10T00:00:00.000","96","9","40","145","4.19318","2024-09-13T12:42:52.000","2024 Primary Election"
"Sussex County Council District 1","MIKE VINCENT","Republican Party","2024-09-10T00:00:00.000","990","56","268","1314","37.9988","2024-09-13T12:42:52.000","2024 Primary Election"
"Sussex County Council District 2","CYNTHIA GREEN","Republican Party","2024-09-10T00:00:00.000","1394","111","297","1802","41.5495","2024-09-13T12:42:52.000","2024 Primary Election"
"Sussex County Council District 2","STEVE MCCARRON","Republican Party","2024-09-10T00:00:00.000","2004","99","432","2535","58.4505","2024-09-13T12:42:52.000","2024 Primary Election"
