"Race","Candidate","Party","Votes","PercentageOfTotalVotes","JurisdictionName"
"LEGISLATIVE DISTRICT 1 - State Senator","Derek Stanford","(Prefers Democratic Party)",60591,96.05,"Legislative"
"LEGISLATIVE DISTRICT 1 - State Senator","WRITE-IN"," ",2490,3.95,"Legislative"
"LEGISLATIVE DISTRICT 1 - State Representative Pos. 1","Davina Duerr","(Prefers Democratic Party)",55168,69.18,"Legislative"
"LEGISLATIVE DISTRICT 1 - State Representative Pos. 1","Mark Davies","(Prefers Republican Party)",24467,30.68,"Legislative"
"LEGISLATIVE DISTRICT 1 - State Representative Pos. 1","WRITE-IN"," ",106,0.13,"Legislative"
"Legislative District 1 - State Representative Pos. 2","Shelley Kloba","(Prefers Democratic Party)",59587,96.15,"Legislative"
"Legislative District 1 - State Representative Pos. 2","WRITE-IN"," ",2388,3.85,"Legislative"
"LEGISLATIVE DISTRICT 2 - State Senator","Jim McCune","(Prefers Republican Party)",47997,63.05,"Legislative"
"LEGISLATIVE DISTRICT 2 - State Senator","Erasmo Ruiz Gonzalez","(Prefers Democratic Party)",28016,36.8,"Legislative"
"LEGISLATIVE DISTRICT 2 - State Senator","WRITE-IN"," ",118,0.15,"Legislative"
"LEGISLATIVE DISTRICT 2 - State Representative Pos. 1","Andrew Barkis","(Prefers Republican Party)",59179,95.24,"Legislative"
"LEGISLATIVE DISTRICT 2 - State Representative Pos. 1","WRITE-IN"," ",2958,4.76,"Legislative"
"LEGISLATIVE DISTRICT 2 - State Representative Pos. 2","Matt Marshall","(Prefers Republican Party)",37267,55.4,"Legislative"
"LEGISLATIVE DISTRICT 2 - State Representative Pos. 2","John Snaza","(Prefers Republican Party)",27928,41.51,"Legislative"
"LEGISLATIVE DISTRICT 2 - State Representative Pos. 2","WRITE-IN"," ",2079,3.09,"Legislative"
"Legislative District 3 - State Senator","Marcus Riccelli","(Prefers Democratic Party)",45497,60.54,"Legislative"
"Legislative District 3 - State Senator","Jim Wilson","(Prefers Republican Party)",29555,39.33,"Legislative"
"Legislative District 3 - State Senator","WRITE-IN"," ",95,0.13,"Legislative"
"Legislative District 3 - State Representative Pos. 1","Tony Kiepe","(Prefers Republican Party)",30658,41.11,"Legislative"
"Legislative District 3 - State Representative Pos. 1","Natasha Hill","(Prefers Democratic Party)",43735,58.64,"Legislative"
"Legislative District 3 - State Representative Pos. 1","WRITE-IN"," ",190,0.25,"Legislative"
"Legislative District 3 - State Representative Pos. 2","Timm Ormsby","(Prefers Democratic Party)",53667,92.76,"Legislative"
"Legislative District 3 - State Representative Pos. 2","WRITE-IN"," ",4190,7.24,"Legislative"
"Legislative District 4 - State Senator","Miguel Valencia","(Prefers Democratic Party)",29666,35.55,"Legislative"
"Legislative District 4 - State Senator","Leonard Christian","(Prefers Republican Party)",53660,64.3,"Legislative"
"Legislative District 4 - State Senator","WRITE-IN"," ",131,0.16,"Legislative"
"Legislative District 4 - State Representative Pos. 1","Suzanne Schmidt","(Prefers Republican Party)",54792,68.36,"Legislative"
"Legislative District 4 - State Representative Pos. 1","Kristopher Pockell","(States No Party Preference)",24817,30.96,"Legislative"
"Legislative District 4 - State Representative Pos. 1","WRITE-IN"," ",545,0.68,"Legislative"
"Legislative District 4 - State Representative Pos. 2","Rob Chase","(Prefers Republican Party)",52902,63.54,"Legislative"
"Legislative District 4 - State Representative Pos. 2","Ted Cummings","(Prefers Democratic Party)",30208,36.28,"Legislative"
"Legislative District 4 - State Representative Pos. 2","WRITE-IN"," ",148,0.18,"Legislative"
"LEGISLATIVE DISTRICT 5 - State Senator","Bill Ramos","(Prefers Democratic Party)",44393,51.97,"Legislative"
"LEGISLATIVE DISTRICT 5 - State Senator","Chad Magendanz","(Prefers Republican Party)",40966,47.96,"Legislative"
"LEGISLATIVE DISTRICT 5 - State Senator","WRITE-IN"," ",66,0.08,"Legislative"
"LEGISLATIVE DISTRICT 5 - State Representative Pos. 1","Victoria Hunt","(Prefers Democratic Party)",45999,54.05,"Legislative"
"LEGISLATIVE DISTRICT 5 - State Representative Pos. 1","Mark Hargrove","(Prefers Republican Party)",39039,45.87,"Legislative"
"LEGISLATIVE DISTRICT 5 - State Representative Pos. 1","WRITE-IN"," ",64,0.08,"Legislative"
"LEGISLATIVE DISTRICT 5 - State Representative Pos. 2","Lisa Callan","(Prefers Democratic Party)",47392,55.8,"Legislative"
"LEGISLATIVE DISTRICT 5 - State Representative Pos. 2","Patrick Peacock","(Prefers Republican Party)",37474,44.12,"Legislative"
"LEGISLATIVE DISTRICT 5 - State Representative Pos. 2","WRITE-IN"," ",70,0.08,"Legislative"
"Legislative District 6 - State Representative Pos. 1","Mike Volz","(Prefers Republican Party)",47492,62.26,"Legislative"
"Legislative District 6 - State Representative Pos. 1","Steven McCray II","(Prefers Democratic Party)",28657,37.57,"Legislative"
"Legislative District 6 - State Representative Pos. 1","WRITE-IN"," ",130,0.17,"Legislative"
"Legislative District 6 - State Representative Pos. 2","Jenny Graham","(Prefers Republican Party)",45958,60.33,"Legislative"
"Legislative District 6 - State Representative Pos. 2","Michaela Kelso","(Prefers Democratic Party)",30093,39.5,"Legislative"
"Legislative District 6 - State Representative Pos. 2","WRITE-IN"," ",132,0.17,"Legislative"
"Legislative District 7 - State Representative Pos. 1","Andrew Engell","(Prefers Republican Party)",48785,63.36,"Legislative"
"Legislative District 7 - State Representative Pos. 1","Soo Ing-Moody","(Prefers Republican Party)",27496,35.71,"Legislative"
"Legislative District 7 - State Representative Pos. 1","WRITE-IN"," ",715,0.93,"Legislative"
"Legislative District 7 - State Representative Pos. 2","Hunter Abell","(Prefers Republican Party)",58071,70.72,"Legislative"
"Legislative District 7 - State Representative Pos. 2","Paul &quot;Rocky&quot; Dean","(Prefers Democratic Party)",23929,29.14,"Legislative"
"Legislative District 7 - State Representative Pos. 2","WRITE-IN"," ",119,0.14,"Legislative"
"Legislative District 8 - State Representative Pos. 1","Stephanie Barnard","(Prefers Republican Party)",58288,97.46,"Legislative"
"Legislative District 8 - State Representative Pos. 1","WRITE-IN"," ",1519,2.54,"Legislative"
"Legislative District 8 - State Representative Pos. 2","April Connors","(Prefers Republican Party)",51164,70.44,"Legislative"
"Legislative District 8 - State Representative Pos. 2","John Christenson","(Prefers Democratic Party)",21360,29.41,"Legislative"
"Legislative District 8 - State Representative Pos. 2","WRITE-IN"," ",114,0.16,"Legislative"
"Legislative District 9 - State Senator","Mark G. Schoesler","(Prefers GOP Party)",57974,95.13,"Legislative"
"Legislative District 9 - State Senator","WRITE-IN"," ",2967,4.87,"Legislative"
"Legislative District 9 - State Representative Pos. 1","Mary Dye","(Prefers GOP Party)",50468,64.88,"Legislative"
"Legislative District 9 - State Representative Pos. 1","Patrick Miller","(Prefers Democratic Party)",27092,34.83,"Legislative"
"Legislative District 9 - State Representative Pos. 1","WRITE-IN"," ",225,0.29,"Legislative"
"LEGISLATIVE DISTRICT 9 - State Representative Pos. 2","Joe Schmick","(Prefers Republican Party)",50211,63.92,"Legislative"
"LEGISLATIVE DISTRICT 9 - State Representative Pos. 2","Pam Kohlmeier","(Prefers Democratic Party)",28236,35.94,"Legislative"
"LEGISLATIVE DISTRICT 9 - State Representative Pos. 2","WRITE-IN"," ",109,0.14,"Legislative"
"Legislative District 10 - State Senator","Ron Muzzall","(Prefers Republican Party)",45889,50.91,"Legislative"
"Legislative District 10 - State Senator","Janet St Clair","(Prefers Democratic Party)",44105,48.93,"Legislative"
"Legislative District 10 - State Senator","WRITE-IN"," ",140,0.16,"Legislative"
"Legislative District 10 - State Representative Pos. 1","Clyde Shavers","(Prefers Democratic Party)",47473,53.21,"Legislative"
"Legislative District 10 - State Representative Pos. 1","Carrie R. Kennedy","(Prefers Republican Party)",41578,46.6,"Legislative"
"Legislative District 10 - State Representative Pos. 1","WRITE-IN"," ",172,0.19,"Legislative"
"LEGISLATIVE DISTRICT 10 - State Representative Pos. 2","Dave Paul","(Prefers Democratic Party)",47826,53.69,"Legislative"
"LEGISLATIVE DISTRICT 10 - State Representative Pos. 2","Gary Wray","(Prefers Republican Party)",41137,46.18,"Legislative"
"LEGISLATIVE DISTRICT 10 - State Representative Pos. 2","WRITE-IN"," ",118,0.13,"Legislative"
"LEGISLATIVE DISTRICT 11 - State Senator","Bob Hasegawa","(Prefers Democratic Party)",47344,95.88,"Legislative"
"LEGISLATIVE DISTRICT 11 - State Senator","WRITE-IN"," ",2036,4.12,"Legislative"
"LEGISLATIVE DISTRICT 11 - State Representative Pos. 1","David Hackney","(Prefers Democratic Party)",46438,95.91,"Legislative"
"LEGISLATIVE DISTRICT 11 - State Representative Pos. 1","WRITE-IN"," ",1978,4.09,"Legislative"
"LEGISLATIVE DISTRICT 11 - State Representative Pos. 2","Steve Bergquist","(Prefers Democratic Party)",43389,76.88,"Legislative"
"LEGISLATIVE DISTRICT 11 - State Representative Pos. 2","Justin Greywolf","(Prefers Libertarian Party)",12508,22.16,"Legislative"
"LEGISLATIVE DISTRICT 11 - State Representative Pos. 2","WRITE-IN"," ",541,0.96,"Legislative"
"LEGISLATIVE DISTRICT 12 - State Senator","Keith W. Goehner","(Prefers Republican Party)",46550,55.8,"Legislative"
"LEGISLATIVE DISTRICT 12 - State Senator","Jim Mayhew","(Prefers Democratic Party)",36824,44.14,"Legislative"
"LEGISLATIVE DISTRICT 12 - State Senator","WRITE-IN"," ",50,0.06,"Legislative"
"Legislative District 12 - State Representative Pos. 1","Heather Koellen","(Prefers Democratic Party)",38800,46.63,"Legislative"
"Legislative District 12 - State Representative Pos. 1","Brian Burnett","(Prefers Republican Party)",44318,53.26,"Legislative"
"Legislative District 12 - State Representative Pos. 1","WRITE-IN"," ",92,0.11,"Legislative"
"Legislative District 12 - State Representative Pos. 2","Mike Steele","(Prefers Republican Party)",44400,61.74,"Legislative"
"Legislative District 12 - State Representative Pos. 2","Daniel Scott","(Prefers Republican Party)",25741,35.8,"Legislative"
"Legislative District 12 - State Representative Pos. 2","WRITE-IN"," ",1771,2.46,"Legislative"
"LEGISLATIVE DISTRICT 13 - State Representative Pos. 1","Tom Dent","(Prefers Republican Party)",51493,97.34,"Legislative"
"LEGISLATIVE DISTRICT 13 - State Representative Pos. 1","WRITE-IN"," ",1406,2.66,"Legislative"
"LEGISLATIVE DISTRICT 13 - State Representative Pos. 2","Alex Ybarra","(Prefers Republican Party)",51012,97.68,"Legislative"
"LEGISLATIVE DISTRICT 13 - State Representative Pos. 2","WRITE-IN"," ",1210,2.32,"Legislative"
"LEGISLATIVE DISTRICT 14 - State Senator","Curtis King","(Prefers Republican Party)",17762,51.64,"Legislative"
"LEGISLATIVE DISTRICT 14 - State Senator","Maria Beltran","(Prefers Democratic Party)",16543,48.1,"Legislative"
"LEGISLATIVE DISTRICT 14 - State Senator","WRITE-IN"," ",90,0.26,"Legislative"
"LEGISLATIVE DISTRICT 14 - State Representative Pos. 1","Chelsea Dimas","(Prefers Democratic Party)",15418,45.52,"Legislative"
"LEGISLATIVE DISTRICT 14 - State Representative Pos. 1","Gloria Mendoza","(Prefers Republican Party)",18263,53.92,"Legislative"
"LEGISLATIVE DISTRICT 14 - State Representative Pos. 1","WRITE-IN"," ",189,0.56,"Legislative"
"LEGISLATIVE DISTRICT 14 - State Representative Pos. 2","Deb Manjarrez","(Prefers Republican Party)",17188,50.67,"Legislative"
"LEGISLATIVE DISTRICT 14 - State Representative Pos. 2","Ana Ruiz Kennedy","(Prefers Democratic Party)",16620,49,"Legislative"
"LEGISLATIVE DISTRICT 14 - State Representative Pos. 2","WRITE-IN"," ",113,0.33,"Legislative"
"LEGISLATIVE DISTRICT 15 - State Representative Pos. 1","Chris Corry","(Prefers Republican Party)",46438,70.65,"Legislative"
"LEGISLATIVE DISTRICT 15 - State Representative Pos. 1","Chase Foster","(States No Party Preference)",18736,28.51,"Legislative"
"LEGISLATIVE DISTRICT 15 - State Representative Pos. 1","WRITE-IN"," ",553,0.84,"Legislative"
"LEGISLATIVE DISTRICT 15 - State Representative Pos. 2","Jeremie Dufault","(Prefers Republican Party)",44514,70.72,"Legislative"
"LEGISLATIVE DISTRICT 15 - State Representative Pos. 2","Rich Bright","(Prefers Republican Party)",17035,27.07,"Legislative"
"LEGISLATIVE DISTRICT 15 - State Representative Pos. 2","WRITE-IN"," ",1391,2.21,"Legislative"
"LEGISLATIVE DISTRICT 16 - State Senator","Perry Dozier","(Prefers Republican Party)",45054,63.36,"Legislative"
"LEGISLATIVE DISTRICT 16 - State Senator","Kari Isaacson","(Prefers Democratic Party)",25998,36.56,"Legislative"
"LEGISLATIVE DISTRICT 16 - State Senator","WRITE-IN"," ",54,0.08,"Legislative"
"LEGISLATIVE DISTRICT 16 - State Representative Pos. 1","Mark Klicker","(Prefers Republican Party)",45890,64.49,"Legislative"
"LEGISLATIVE DISTRICT 16 - State Representative Pos. 1","Linda Gunshefski","(Prefers Democratic Party)",25232,35.46,"Legislative"
"LEGISLATIVE DISTRICT 16 - State Representative Pos. 1","WRITE-IN"," ",35,0.05,"Legislative"
"LEGISLATIVE DISTRICT 16 - State Representative Pos. 2","Skyler Rude","(Prefers Republican Party)",46596,65.83,"Legislative"
"LEGISLATIVE DISTRICT 16 - State Representative Pos. 2","Craig R Woodard","(Prefers Democratic Party)",24145,34.11,"Legislative"
"LEGISLATIVE DISTRICT 16 - State Representative Pos. 2","WRITE-IN"," ",40,0.06,"Legislative"
"LEGISLATIVE DISTRICT 17 - State Senator","Paul Harris","(Prefers Republican Party)",44034,51.09,"Legislative"
"LEGISLATIVE DISTRICT 17 - State Senator","Marla Keethler","(Prefers Democratic Party)",42019,48.75,"Legislative"
"LEGISLATIVE DISTRICT 17 - State Senator","WRITE-IN"," ",135,0.16,"Legislative"
"LEGISLATIVE DISTRICT 17 - State Representative Pos. 1","Kevin Waters","(Prefers Republican Party)",55952,93.26,"Legislative"
"LEGISLATIVE DISTRICT 17 - State Representative Pos. 1","WRITE-IN"," ",4045,6.74,"Legislative"
"LEGISLATIVE DISTRICT 17 - State Representative Pos. 2","Terri Niles","(Prefers Democratic Party)",42195,49.43,"Legislative"
"LEGISLATIVE DISTRICT 17 - State Representative Pos. 2","David Stuebe","(Prefers Republican Party)",43022,50.4,"Legislative"
"LEGISLATIVE DISTRICT 17 - State Representative Pos. 2","WRITE-IN"," ",148,0.17,"Legislative"
"LEGISLATIVE DISTRICT 18 - State Senator","Adrian Cortes","(Prefers Democratic Party)",42053,49.99,"Legislative"
"LEGISLATIVE DISTRICT 18 - State Senator","Brad Benton","(Prefers Republican Party)",41881,49.79,"Legislative"
"LEGISLATIVE DISTRICT 18 - State Senator","WRITE-IN"," ",189,0.22,"Legislative"
"LEGISLATIVE DISTRICT 18 - State Representative Pos. 1","Stephanie McClintock","(Prefers Republican Party)",46622,55.65,"Legislative"
"LEGISLATIVE DISTRICT 18 - State Representative Pos. 1","Deken Letinich","(Prefers Democratic Party)",37053,44.23,"Legislative"
"LEGISLATIVE DISTRICT 18 - State Representative Pos. 1","WRITE-IN"," ",100,0.12,"Legislative"
"LEGISLATIVE DISTRICT 18 - State Representative Pos. 2","John Zingale","(Prefers Democratic Party)",40995,48.95,"Legislative"
"LEGISLATIVE DISTRICT 18 - State Representative Pos. 2","John Ley","(Prefers Republican Party)",42603,50.87,"Legislative"
"LEGISLATIVE DISTRICT 18 - State Representative Pos. 2","WRITE-IN"," ",150,0.18,"Legislative"
"Legislative District 19 - State Senator","Jeff Wilson","(Prefers Republican Party)",48920,61.22,"Legislative"
"Legislative District 19 - State Senator","Andi Day","(Prefers Democratic Party)",30911,38.68,"Legislative"
"Legislative District 19 - State Senator","WRITE-IN"," ",74,0.09,"Legislative"
"Legislative District 19 - State Representative Pos. 1","Jim Walsh","(Prefers Republican Party)",48544,60.14,"Legislative"
"Legislative District 19 - State Representative Pos. 1","Mike Coverdale","(Prefers Democratic Party)",32094,39.76,"Legislative"
"Legislative District 19 - State Representative Pos. 1","WRITE-IN"," ",76,0.09,"Legislative"
"LEGISLATIVE DISTRICT 19 - State Representative Pos. 2","Joel McEntire","(Prefers Republican Party)",49665,62.17,"Legislative"
"LEGISLATIVE DISTRICT 19 - State Representative Pos. 2","Terry Carlson","(Prefers Democratic Party)",30141,37.73,"Legislative"
"LEGISLATIVE DISTRICT 19 - State Representative Pos. 2","WRITE-IN"," ",77,0.1,"Legislative"
"LEGISLATIVE DISTRICT 20 - State Senator","John Braun","(Prefers Republican Party)",69172,96.53,"Legislative"
"LEGISLATIVE DISTRICT 20 - State Senator","WRITE-IN"," ",2490,3.47,"Legislative"
"LEGISLATIVE DISTRICT 20 - State Representative Pos. 1","Peter Abbarno","(Prefers Republican Party)",67633,87.01,"Legislative"
"LEGISLATIVE DISTRICT 20 - State Representative Pos. 1","Melvin Kaleolani Apana","(Prefers Culture Republican Party)",8295,10.67,"Legislative"
"LEGISLATIVE DISTRICT 20 - State Representative Pos. 1","WRITE-IN"," ",1799,2.31,"Legislative"
"LEGISLATIVE DISTRICT 20 - State Representative Pos. 2","Ed Orcutt","(Prefers GOP Party)",66170,96.65,"Legislative"
"LEGISLATIVE DISTRICT 20 - State Representative Pos. 2","WRITE-IN"," ",2293,3.35,"Legislative"
"Legislative District 21 - State Representative Pos. 1","Strom Peterson","(Prefers Democratic Party)",46705,66.69,"Legislative"
"Legislative District 21 - State Representative Pos. 1","Riaz Khan","(Prefers Republican Party)",23156,33.07,"Legislative"
"Legislative District 21 - State Representative Pos. 1","WRITE-IN"," ",169,0.24,"Legislative"
"Legislative District 21 - State Representative Pos. 2","Lillian Ortiz-Self","(Prefers Democratic Party)",46422,67.13,"Legislative"
"Legislative District 21 - State Representative Pos. 2","Kristina Mitchell","(Prefers Conservative Party)",22579,32.65,"Legislative"
"Legislative District 21 - State Representative Pos. 2","WRITE-IN"," ",156,0.23,"Legislative"
"Legislative District 22 - State Senator","Jessica Bateman","(Prefers Democratic Party)",54904,70.56,"Legislative"
"Legislative District 22 - State Senator","Bob Iyall","(Prefers Democratic Party)",21294,27.36,"Legislative"
"Legislative District 22 - State Senator","WRITE-IN"," ",1618,2.08,"Legislative"
"Legislative District 22 - State Representative Pos. 1","Beth Doglio","(Prefers Democratic Party)",56646,69.6,"Legislative"
"Legislative District 22 - State Representative Pos. 1","Steve Owens","(States No Party Preference)",24229,29.77,"Legislative"
"Legislative District 22 - State Representative Pos. 1","WRITE-IN"," ",510,0.63,"Legislative"
"Legislative District 22 - State Representative Pos. 2","Lisa Parshley","(Prefers Democratic Party)",46932,62.41,"Legislative"
"Legislative District 22 - State Representative Pos. 2","Syd Locke","(Prefers Democratic Party)",26183,34.82,"Legislative"
"Legislative District 22 - State Representative Pos. 2","WRITE-IN"," ",2090,2.78,"Legislative"
"Legislative District 23 - State Senator","Drew Hansen","(Prefers Democratic Party)",55388,64.24,"Legislative"
"Legislative District 23 - State Senator","Lance Byrd","(Prefers Republican Party)",30742,35.66,"Legislative"
"Legislative District 23 - State Senator","WRITE-IN"," ",89,0.1,"Legislative"
"Legislative District 23 - State Representative Pos. 1","Tarra Simmons","(Prefers Democratic Party)",53928,62.95,"Legislative"
"Legislative District 23 - State Representative Pos. 1","Kurt Robertson","(Prefers Republican Party)",31609,36.9,"Legislative"
"Legislative District 23 - State Representative Pos. 1","WRITE-IN"," ",135,0.16,"Legislative"
"Legislative District 23 - State Representative Pos. 2","Greg Nance","(Prefers Democratic Party)",56894,65.81,"Legislative"
"Legislative District 23 - State Representative Pos. 2","Jamie Miles","(Prefers Republican Party)",29439,34.05,"Legislative"
"Legislative District 23 - State Representative Pos. 2","WRITE-IN"," ",116,0.13,"Legislative"
"LEGISLATIVE DISTRICT 24 - State Senator","Mike Chapman","(Prefers Democratic Party)",52108,54.78,"Legislative"
"LEGISLATIVE DISTRICT 24 - State Senator","Marcia Kelbon","(Prefers Republican Party)",42895,45.09,"Legislative"
"LEGISLATIVE DISTRICT 24 - State Senator","WRITE-IN"," ",120,0.13,"Legislative"
"LEGISLATIVE DISTRICT 24 - State Representative Pos. 1","Adam Bernbaum","(Prefers Democratic Party)",52007,54.92,"Legislative"
"LEGISLATIVE DISTRICT 24 - State Representative Pos. 1","Matthew (Matt) Roberson","(Prefers Republican Party)",42555,44.94,"Legislative"
"LEGISLATIVE DISTRICT 24 - State Representative Pos. 1","WRITE-IN"," ",132,0.14,"Legislative"
"LEGISLATIVE DISTRICT 24 - State Representative Pos. 2","Steve Tharinger","(Prefers Democratic Party)",52481,55.33,"Legislative"
"LEGISLATIVE DISTRICT 24 - State Representative Pos. 2","Terry Roberts","(Prefers Republican Party)",42265,44.56,"Legislative"
"LEGISLATIVE DISTRICT 24 - State Representative Pos. 2","WRITE-IN"," ",108,0.11,"Legislative"
"LEGISLATIVE DISTRICT 25 - State Senator","Chris Gildon","(Prefers Republican Party)",41862,57.72,"Legislative"
"LEGISLATIVE DISTRICT 25 - State Senator","Kenneth King","(Prefers Democratic Party)",30595,42.19,"Legislative"
"LEGISLATIVE DISTRICT 25 - State Senator","WRITE-IN"," ",64,0.09,"Legislative"
"LEGISLATIVE DISTRICT 25 - State Representative Pos. 1","Michael Keaton","(Prefers Republican Party)",40458,55.93,"Legislative"
"LEGISLATIVE DISTRICT 25 - State Representative Pos. 1","Cameron Severns","(Prefers Democratic Party)",31833,44.01,"Legislative"
"LEGISLATIVE DISTRICT 25 - State Representative Pos. 1","WRITE-IN"," ",41,0.06,"Legislative"
"LEGISLATIVE DISTRICT 25 - State Representative Pos. 2","Cyndy Jacobsen","(Prefers Republican Party)",40199,55.73,"Legislative"
"LEGISLATIVE DISTRICT 25 - State Representative Pos. 2","Shellie Willis","(Prefers Democratic Party)",31888,44.2,"Legislative"
"LEGISLATIVE DISTRICT 25 - State Representative Pos. 2","WRITE-IN"," ",51,0.07,"Legislative"
"LEGISLATIVE DISTRICT 26 - State Representative Pos. 1","Adison Richards","(Prefers Democratic Party)",46833,51.77,"Legislative"
"LEGISLATIVE DISTRICT 26 - State Representative Pos. 1","Jesse L. Young","(Prefers Republican Party)",43503,48.09,"Legislative"
"LEGISLATIVE DISTRICT 26 - State Representative Pos. 1","WRITE-IN"," ",129,0.14,"Legislative"
"LEGISLATIVE DISTRICT 26 - State Representative Pos. 2","Michelle Caldier","(Prefers Republican Party)",49086,54.6,"Legislative"
"LEGISLATIVE DISTRICT 26 - State Representative Pos. 2","Tiffiny Mitchell","(Prefers Democratic Party)",40636,45.2,"Legislative"
"LEGISLATIVE DISTRICT 26 - State Representative Pos. 2","WRITE-IN"," ",187,0.21,"Legislative"
"Legislative District 27 - State Senator","Yasmin Trudeau","(Prefers Democratic Party)",51943,71.75,"Legislative"
"Legislative District 27 - State Senator","Carole Sue Braaten","(Prefers Republican Party)",20327,28.08,"Legislative"
"Legislative District 27 - State Senator","WRITE-IN"," ",124,0.17,"Legislative"
"Legislative District 27 - State Representative Pos. 1","Laurie Jinkins","(Prefers Democratic Party)",51628,71.65,"Legislative"
"Legislative District 27 - State Representative Pos. 1","Ken Paulson","(Prefers Republican Party)",20301,28.18,"Legislative"
"Legislative District 27 - State Representative Pos. 1","WRITE-IN"," ",122,0.17,"Legislative"
"Legislative District 27 - State Representative Pos. 2","Jake Fey","(Prefers Democratic Party)",49311,75.46,"Legislative"
"Legislative District 27 - State Representative Pos. 2","Devin Rydel Kelly","(Prefers Democratic Party)",14825,22.69,"Legislative"
"Legislative District 27 - State Representative Pos. 2","WRITE-IN"," ",1210,1.85,"Legislative"
"LEGISLATIVE DISTRICT 28 - State Senator","T'wina Nobles","(Prefers Democratic Party)",32194,53.76,"Legislative"
"LEGISLATIVE DISTRICT 28 - State Senator","Maia Espinoza","(Prefers Republican Party)",27605,46.1,"Legislative"
"LEGISLATIVE DISTRICT 28 - State Senator","WRITE-IN"," ",88,0.15,"Legislative"
"LEGISLATIVE DISTRICT 28 - State Representative Pos. 1","Mari Leavitt","(Prefers Democratic Party)",34629,58.44,"Legislative"
"LEGISLATIVE DISTRICT 28 - State Representative Pos. 1","Gabe Sachwitz","(Prefers Republican Party)",24549,41.43,"Legislative"
"LEGISLATIVE DISTRICT 28 - State Representative Pos. 1","WRITE-IN"," ",75,0.13,"Legislative"
"LEGISLATIVE DISTRICT 28 - State Representative Pos. 2","Dan Bronoske","(Prefers Democratic Party)",34129,57.88,"Legislative"
"LEGISLATIVE DISTRICT 28 - State Representative Pos. 2","Mark Herr","(Prefers Republican Party)",24772,42.01,"Legislative"
"LEGISLATIVE DISTRICT 28 - State Representative Pos. 2","WRITE-IN"," ",66,0.11,"Legislative"
"LEGISLATIVE DISTRICT 29 - State Representative Pos. 1","Melanie Morgan","(Prefers Democratic Party)",31993,68.62,"Legislative"
"LEGISLATIVE DISTRICT 29 - State Representative Pos. 1","Richard Miller","(Prefers Democratic Party)",13152,28.21,"Legislative"
"LEGISLATIVE DISTRICT 29 - State Representative Pos. 1","WRITE-IN"," ",1478,3.17,"Legislative"
"LEGISLATIVE DISTRICT 29 - State Representative Pos. 2","Sharlett Mena","(Prefers Democratic Party)",39333,93.79,"Legislative"
"LEGISLATIVE DISTRICT 29 - State Representative Pos. 2","WRITE-IN"," ",2604,6.21,"Legislative"
"Legislative District 30 - State Representative Pos. 1","Jamila E. Taylor","(Prefers Democratic Party)",30723,56.15,"Legislative"
"Legislative District 30 - State Representative Pos. 1","Melissa Hamilton","(Prefers Republican Party)",23924,43.73,"Legislative"
"Legislative District 30 - State Representative Pos. 1","WRITE-IN"," ",67,0.12,"Legislative"
"Legislative District 30 - State Representative Pos. 2","Kristine M. Reeves","(Prefers Democratic Party)",32043,58.7,"Legislative"
"Legislative District 30 - State Representative Pos. 2","Quentin Morris","(Prefers Republican Party)",22491,41.2,"Legislative"
"Legislative District 30 - State Representative Pos. 2","WRITE-IN"," ",56,0.1,"Legislative"
"LEGISLATIVE DISTRICT 31 - State Representative Pos. 1","Drew Stokesbary","(Prefers Republican Party)",51651,63.62,"Legislative"
"LEGISLATIVE DISTRICT 31 - State Representative Pos. 1","Sara Sutterfield","(Prefers Democratic Party)",29451,36.28,"Legislative"
"LEGISLATIVE DISTRICT 31 - State Representative Pos. 1","WRITE-IN"," ",79,0.1,"Legislative"
"LEGISLATIVE DISTRICT 31 - State Representative Pos. 2","Joshua Penner","(Prefers Republican Party)",49335,61.08,"Legislative"
"LEGISLATIVE DISTRICT 31 - State Representative Pos. 2","Brian L. Gunn","(Prefers Democratic Party)",31338,38.8,"Legislative"
"LEGISLATIVE DISTRICT 31 - State Representative Pos. 2","WRITE-IN"," ",96,0.12,"Legislative"
"LEGISLATIVE DISTRICT 32 - State Representative Pos. 1","Cindy Ryu","(Prefers Democratic Party)",58021,74.16,"Legislative"
"LEGISLATIVE DISTRICT 32 - State Representative Pos. 1","Lisa Rezac","(Prefers Republican Party)",20084,25.67,"Legislative"
"LEGISLATIVE DISTRICT 32 - State Representative Pos. 1","WRITE-IN"," ",128,0.16,"Legislative"
"LEGISLATIVE DISTRICT 32 - State Representative Pos. 2","Lauren Davis","(Prefers Democratic Party)",58169,74.63,"Legislative"
"LEGISLATIVE DISTRICT 32 - State Representative Pos. 2","Lori Theis","(Prefers Republican Party)",19661,25.23,"Legislative"
"LEGISLATIVE DISTRICT 32 - State Representative Pos. 2","WRITE-IN"," ",110,0.14,"Legislative"
"Legislative District 33 - State Representative Pos. 1","Tina L. Orwall","(Prefers Democratic Party)",38898,68.99,"Legislative"
"Legislative District 33 - State Representative Pos. 1","George Richter","(Prefers Republican Party)",17423,30.9,"Legislative"
"Legislative District 33 - State Representative Pos. 1","WRITE-IN"," ",60,0.11,"Legislative"
"Legislative District 33 - State Representative Pos. 2","Mia Su-Ling Gregerson","(Prefers Democratic Party)",38152,70.76,"Legislative"
"Legislative District 33 - State Representative Pos. 2","Casey Esmond","(States No Party Preference)",15454,28.66,"Legislative"
"Legislative District 33 - State Representative Pos. 2","WRITE-IN"," ",310,0.57,"Legislative"
"LEGISLATIVE DISTRICT 34 - State Representative Pos. 1","Emily Alvarado","(Prefers Democratic Party)",70218,84.88,"Legislative"
"LEGISLATIVE DISTRICT 34 - State Representative Pos. 1","Kimberly M. Cloud","(Prefers Republican Party)",12362,14.94,"Legislative"
"LEGISLATIVE DISTRICT 34 - State Representative Pos. 1","WRITE-IN"," ",143,0.17,"Legislative"
"LEGISLATIVE DISTRICT 34 - State Representative Pos. 2","Joe Fitzgibbon","(Prefers Democratic Party)",69340,83.66,"Legislative"
"LEGISLATIVE DISTRICT 34 - State Representative Pos. 2","Jolie Lansdowne","(Prefers Republican Party)",13446,16.22,"Legislative"
"LEGISLATIVE DISTRICT 34 - State Representative Pos. 2","WRITE-IN"," ",96,0.12,"Legislative"
"LEGISLATIVE DISTRICT 35 - State Representative Pos. 1","Dan Griffey","(Prefers Republican Party)",65027,94.75,"Legislative"
"LEGISLATIVE DISTRICT 35 - State Representative Pos. 1","WRITE-IN"," ",3604,5.25,"Legislative"
"LEGISLATIVE DISTRICT 35 - State Representative Pos. 2","Travis Couture","(Prefers Republican Party)",51999,58.58,"Legislative"
"LEGISLATIVE DISTRICT 35 - State Representative Pos. 2","James DeHart","(Prefers Democratic Party)",36664,41.31,"Legislative"
"LEGISLATIVE DISTRICT 35 - State Representative Pos. 2","WRITE-IN"," ",97,0.11,"Legislative"
"Legislative District 36 - State Representative Pos. 1","Julia Grant Reed","(Prefers Democratic Party)",77616,98.53,"Legislative"
"Legislative District 36 - State Representative Pos. 1","WRITE-IN"," ",1157,1.47,"Legislative"
"Legislative District 36 - State Representative Pos. 2","Liz Berry","(Prefers Democratic Party)",82201,88.78,"Legislative"
"Legislative District 36 - State Representative Pos. 2","Victoria Palmer","(Prefers Republican Party)",10277,11.1,"Legislative"
"Legislative District 36 - State Representative Pos. 2","WRITE-IN"," ",113,0.12,"Legislative"
"Legislative District 37 - State Representative Pos. 1","Sharon Tomiko Santos","(Prefers Democratic Party)",63074,98.28,"Legislative"
"Legislative District 37 - State Representative Pos. 1","WRITE-IN"," ",1101,1.72,"Legislative"
"Legislative District 37 - State Representative Pos. 2","Chipalo Street","(Prefers Democratic Party)",65363,90.99,"Legislative"
"Legislative District 37 - State Representative Pos. 2","Matt McCally","(Prefers Libertarian Party)",6115,8.51,"Legislative"
"Legislative District 37 - State Representative Pos. 2","WRITE-IN"," ",355,0.49,"Legislative"
"LEGISLATIVE DISTRICT 38 - State Representative Pos. 1","Julio Cortes","(Prefers Democratic Party)",41335,71.12,"Legislative"
"LEGISLATIVE DISTRICT 38 - State Representative Pos. 1","Annie Fitzgerald","(Prefers Democratic Party)",14810,25.48,"Legislative"
"LEGISLATIVE DISTRICT 38 - State Representative Pos. 1","WRITE-IN"," ",1975,3.4,"Legislative"
"LEGISLATIVE DISTRICT 38 - State Representative Pos. 2","Mary Fosse","(Prefers Democratic Party)",39209,59.46,"Legislative"
"LEGISLATIVE DISTRICT 38 - State Representative Pos. 2","Marnie Claywell","(Prefers Republican Party)",26627,40.38,"Legislative"
"LEGISLATIVE DISTRICT 38 - State Representative Pos. 2","WRITE-IN"," ",106,0.16,"Legislative"
"LEGISLATIVE DISTRICT 39 - State Senator","Keith L. Wagoner","(Prefers Republican Party)",49809,60.45,"Legislative"
"LEGISLATIVE DISTRICT 39 - State Senator","John Snow","(Prefers Democratic Party)",32505,39.45,"Legislative"
"LEGISLATIVE DISTRICT 39 - State Senator","WRITE-IN"," ",83,0.1,"Legislative"
"LEGISLATIVE DISTRICT 39 - State Representative Pos. 1","Sam Low","(Prefers Republican Party)",44515,58.9,"Legislative"
"LEGISLATIVE DISTRICT 39 - State Representative Pos. 1","Robert J. Sutherland","(Prefers Republican Party)",29909,39.58,"Legislative"
"LEGISLATIVE DISTRICT 39 - State Representative Pos. 1","WRITE-IN"," ",1147,1.52,"Legislative"
"LEGISLATIVE DISTRICT 39 - State Representative Pos. 2","Carolyn Eslick","(Prefers Republican Party)",45612,62.57,"Legislative"
"LEGISLATIVE DISTRICT 39 - State Representative Pos. 2","Jackie Huey","(Prefers Republican Party)",25802,35.4,"Legislative"
"LEGISLATIVE DISTRICT 39 - State Representative Pos. 2","WRITE-IN"," ",1479,2.03,"Legislative"
"LEGISLATIVE DISTRICT 40 - State Senator","Elizabeth (Liz) Lovelett","(Prefers Democratic Party)",62064,69.52,"Legislative"
"LEGISLATIVE DISTRICT 40 - State Senator","Charles Carrell","(Prefers Republican Party)",27091,30.35,"Legislative"
"LEGISLATIVE DISTRICT 40 - State Senator","WRITE-IN"," ",118,0.13,"Legislative"
"LEGISLATIVE DISTRICT 40 - State Representative Pos. 1","Debra Lekanoff","(Prefers Democratic Party)",63993,96.15,"Legislative"
"LEGISLATIVE DISTRICT 40 - State Representative Pos. 1","WRITE-IN"," ",2565,3.85,"Legislative"
"LEGISLATIVE DISTRICT 40 - State Representative Pos. 2","Alex Ramel","(Prefers Democratic Party)",63215,95.72,"Legislative"
"LEGISLATIVE DISTRICT 40 - State Representative Pos. 2","WRITE-IN"," ",2828,4.28,"Legislative"
"LEGISLATIVE DISTRICT 41 - State Senator","Lisa Wellman","(Prefers Democratic Party)",51903,69.06,"Legislative"
"LEGISLATIVE DISTRICT 41 - State Senator","Jaskaran Singh Sarao","(Prefers Republican Party)",23102,30.74,"Legislative"
"LEGISLATIVE DISTRICT 41 - State Senator","WRITE-IN"," ",155,0.21,"Legislative"
"LEGISLATIVE DISTRICT 41 - State Representative Pos. 1","Tana Senn","(Prefers Democratic Party)",50823,67.54,"Legislative"
"LEGISLATIVE DISTRICT 41 - State Representative Pos. 1","Emily Tadlock","(Prefers Republican Party)",24305,32.3,"Legislative"
"LEGISLATIVE DISTRICT 41 - State Representative Pos. 1","WRITE-IN"," ",124,0.16,"Legislative"
"LEGISLATIVE DISTRICT 41 - State Representative Pos. 2","My-Linh Thai","(Prefers Democratic Party)",49577,65.69,"Legislative"
"LEGISLATIVE DISTRICT 41 - State Representative Pos. 2","Al Rosenthal","(Prefers Republican Party)",25821,34.21,"Legislative"
"LEGISLATIVE DISTRICT 41 - State Representative Pos. 2","WRITE-IN"," ",72,0.1,"Legislative"
"LEGISLATIVE DISTRICT 42 - State Representative Pos. 1","Alicia Rule","(Prefers Democratic Party)",49802,55.35,"Legislative"
"LEGISLATIVE DISTRICT 42 - State Representative Pos. 1","Raymond Pelletti","(Prefers Republican Party)",40090,44.56,"Legislative"
"LEGISLATIVE DISTRICT 42 - State Representative Pos. 1","WRITE-IN"," ",86,0.1,"Legislative"
"LEGISLATIVE DISTRICT 42 - State Representative Pos. 2","Joe Timmons","(Prefers Democratic Party)",47947,53.33,"Legislative"
"LEGISLATIVE DISTRICT 42 - State Representative Pos. 2","Kamal Bhachu","(Prefers Republican Party)",41894,46.59,"Legislative"
"LEGISLATIVE DISTRICT 42 - State Representative Pos. 2","WRITE-IN"," ",72,0.08,"Legislative"
"Legislative District 43 - State Representative Pos. 1","Nicole Macri","(Prefers Democratic Party)",65596,98.48,"Legislative"
"Legislative District 43 - State Representative Pos. 1","WRITE-IN"," ",1015,1.52,"Legislative"
"Legislative District 43 - State Representative Pos. 2","Shaun Scott","(Prefers Democratic Party)",49990,68.43,"Legislative"
"Legislative District 43 - State Representative Pos. 2","Andrea Suarez","(Prefers Democratic Party)",22506,30.81,"Legislative"
"Legislative District 43 - State Representative Pos. 2","WRITE-IN"," ",554,0.76,"Legislative"
"Legislative District 44 - State Representative Pos. 1","Brandy Donaghy","(Prefers Democratic Party)",51557,93.59,"Legislative"
"Legislative District 44 - State Representative Pos. 1","WRITE-IN"," ",3531,6.41,"Legislative"
"Legislative District 44 - State Representative Pos. 2","April Berg","(Prefers Democratic Party)",43155,57.59,"Legislative"
"Legislative District 44 - State Representative Pos. 2","Sam Sim","(Prefers Republican Party)",31714,42.32,"Legislative"
"Legislative District 44 - State Representative Pos. 2","WRITE-IN"," ",62,0.08,"Legislative"
"Legislative District 45 - State Representative Pos. 1","Roger Goodman","(Prefers Democratic Party)",58368,96.01,"Legislative"
"Legislative District 45 - State Representative Pos. 1","WRITE-IN"," ",2424,3.99,"Legislative"
"Legislative District 45 - State Representative Pos. 2","Larry Springer","(Prefers Democratic Party)",38347,55.56,"Legislative"
"Legislative District 45 - State Representative Pos. 2","Melissa Demyan","(Prefers Democratic Party)",29191,42.3,"Legislative"
"Legislative District 45 - State Representative Pos. 2","WRITE-IN"," ",1478,2.14,"Legislative"
"Legislative District 46 - State Representative Pos. 1","Gerry Pollet","(Prefers Democratic Party)",72727,87.42,"Legislative"
"Legislative District 46 - State Representative Pos. 1","Beth Daranciang","(Prefers Republican Party)",10353,12.44,"Legislative"
"Legislative District 46 - State Representative Pos. 1","WRITE-IN"," ",117,0.14,"Legislative"
"Legislative District 46 - State Representative Pos. 2","Darya Farivar","(Prefers Democratic Party)",70952,86.49,"Legislative"
"Legislative District 46 - State Representative Pos. 2","Simone Barron","(Prefers Republican Party)",10832,13.2,"Legislative"
"Legislative District 46 - State Representative Pos. 2","WRITE-IN"," ",248,0.3,"Legislative"
"Legislative District 47 - State Representative Pos. 1","Debra Jean Entenman","(Prefers Democratic Party)",35528,56.26,"Legislative"
"Legislative District 47 - State Representative Pos. 1","Kyle Lyebyedyev","(Prefers Republican Party)",27513,43.57,"Legislative"
"Legislative District 47 - State Representative Pos. 1","WRITE-IN"," ",106,0.17,"Legislative"
"Legislative District 47 - State Representative Pos. 2","Chris Stearns","(Prefers Democratic Party)",35085,55.64,"Legislative"
"Legislative District 47 - State Representative Pos. 2","Ted Cooke","(Prefers Republican Party)",27870,44.2,"Legislative"
"Legislative District 47 - State Representative Pos. 2","WRITE-IN"," ",101,0.16,"Legislative"
"Legislative District 48 - State Representative Pos. 1","Vandana Slatter","(Prefers Democratic Party)",39645,68.27,"Legislative"
"Legislative District 48 - State Representative Pos. 1","Lynn Trinh","(Prefers Republican Party)",18330,31.57,"Legislative"
"Legislative District 48 - State Representative Pos. 1","WRITE-IN"," ",94,0.16,"Legislative"
"Legislative District 48 - State Representative Pos. 2","Amy Walen","(Prefers Democratic Party)",43664,95.74,"Legislative"
"Legislative District 48 - State Representative Pos. 2","WRITE-IN"," ",1945,4.26,"Legislative"
"LEGISLATIVE DISTRICT 49 - State Senator","Annette Cleveland","(Prefers Democratic Party)",42161,61.76,"Legislative"
"LEGISLATIVE DISTRICT 49 - State Senator","Lucia Worthington","(Prefers Republican Party)",25936,37.99,"Legislative"
"LEGISLATIVE DISTRICT 49 - State Senator","WRITE-IN"," ",170,0.25,"Legislative"
"LEGISLATIVE DISTRICT 49 - State Representative Pos. 1","Sharon Wylie","(Prefers Democratic Party)",43234,63.47,"Legislative"
"LEGISLATIVE DISTRICT 49 - State Representative Pos. 1","Brett Graham","(Prefers Republican Party)",24741,36.32,"Legislative"
"LEGISLATIVE DISTRICT 49 - State Representative Pos. 1","WRITE-IN"," ",139,0.2,"Legislative"
"LEGISLATIVE DISTRICT 49 - State Representative Pos. 2","Monica Jurado Stonier","(Prefers Democratic Party)",42950,63.07,"Legislative"
"LEGISLATIVE DISTRICT 49 - State Representative Pos. 2","Russell Barber","(Prefers Republican Party)",24997,36.71,"Legislative"
"LEGISLATIVE DISTRICT 49 - State Representative Pos. 2","WRITE-IN"," ",152,0.22,"Legislative"
